-- MySQL Script generated by MySQL Workbench
-- Mon Aug 19 09:21:42 2019
-- Model: New Model    Version: 1.0
-- MySQL Workbench Forward Engineering

SET @OLD_UNIQUE_CHECKS=@@UNIQUE_CHECKS, UNIQUE_CHECKS=0;
SET @OLD_FOREIGN_KEY_CHECKS=@@FOREIGN_KEY_CHECKS, FOREIGN_KEY_CHECKS=0;
SET @OLD_SQL_MODE=@@SQL_MODE, SQL_MODE='ONLY_FULL_GROUP_BY,STRICT_TRANS_TABLES,NO_ZERO_IN_DATE,NO_ZERO_DATE,ERROR_FOR_DIVISION_BY_ZERO,NO_ENGINE_SUBSTITUTION';

-- -----------------------------------------------------
-- Schema Cars_Store
-- -----------------------------------------------------

-- -----------------------------------------------------
-- Schema Cars_Store
-- -----------------------------------------------------
CREATE SCHEMA IF NOT EXISTS `Cars_Store` DEFAULT CHARACTER SET utf8 ;
USE `Cars_Store` ;
drop table `Cars_Store`;
-- -----------------------------------------------------
-- Table `Cars_Store`.`Marca`
-- -----------------------------------------------------
CREATE TABLE IF NOT EXISTS `Cars_Store`.`Marca` (
  `COD_MAR` INT NOT NULL,
   `NOME` VARCHAR(45) NOT NULL,
  PRIMARY KEY (`COD_MAR`))
ENGINE = InnoDB;
 INSERT INTO `MARCA` (`COD_MAR`,`NOME`) VALUES (1,'CHEVROLET',NULL);
INSERT INTO `MARCA` (`COD_MAR`,`NOME`) VALUES (2,'VOLKSWAGEN',NULL);
INSERT INTO `MARCA` (`COD_MAR`,`NOME`) VALUES (3,'FIAT',NULL);
INSERT INTO `MARCA` (`COD_MAR`,`NOME`) VALUES (4,'MERCEDES-BENZ',NULL);
INSERT INTO `MARCA` (`COD_MAR`,`NOME`) VALUES (5,'CITROEN',NULL);
INSERT INTO `MARCA` (`COD_MAR`,`NOME`) VALUES (6,'CHANA',NULL);
INSERT INTO `MARCA` (`COD_MAR`,`NOME`) VALUES (7,'HONDA',NULL);
INSERT INTO `MARCA` (`COD_MAR`,`NOME`) VALUES (8,'SUBARU',NULL);
INSERT INTO `MARCA` (`COD_MAR`,`NOME`) VALUES (10,'FERRARI',NULL);
INSERT INTO `MARCA` (`COD_MAR`,`NOME`) VALUES (11,'BUGATTI',NULL);
INSERT INTO `MARCA` (`COD_MAR`,`NOME`) VALUES (12,'LAMBORGHINI',NULL);
INSERT INTO `MARCA` (`COD_MAR`,`NOME`) VALUES (13,'FORD',NULL);
INSERT INTO `MARCA` (`COD_MAR`,`NOME`) VALUES (14,'HYUNDAI',NULL);
INSERT INTO `MARCA` (`COD_MAR`,`NOME`) VALUES (15,'JAC',NULL);
INSERT INTO `MARCA` (`COD_MAR`,`NOME`) VALUES (16,'KIA',NULL);
INSERT INTO `MARCA` (`COD_MAR`,`NOME`) VALUES (17,'GURGEL',NULL);
INSERT INTO `MARCA` (`COD_MAR`,`NOME`) VALUES (18,'DODGE',NULL);
INSERT INTO `MARCA` (`COD_MAR`,`NOME`) VALUES (19,'CHRYSLER',NULL);
INSERT INTO `MARCA` (`COD_MAR`,`NOME`) VALUES (20,'BENTLEY',NULL);
INSERT INTO `MARCA` (`COD_MAR`,`NOME`) VALUES (21,'SSANGYONG',NULL);
INSERT INTO `MARCA` (`COD_MAR`,`NOME`) VALUES (22,'PEUGEOT',NULL);
INSERT INTO `MARCA` (`COD_MAR`,`NOME`) VALUES (23,'TOYOTA',NULL);
INSERT INTO `MARCA` (`COD_MAR`,`NOME`) VALUES (24,'RENAULT',NULL);
INSERT INTO `MARCA` (`COD_MAR`,`NOME`) VALUES (25,'ACURA',NULL);
INSERT INTO `MARCA` (`COD_MAR`,`NOME`) VALUES (26,'ADAMO',NULL);
INSERT INTO `MARCA` (`COD_MAR`,`NOME`) VALUES (27,'AGRALE',NULL);
INSERT INTO `MARCA` (`COD_MAR`,`NOME`) VALUES (28,'ALFA ROMEO',NULL);
INSERT INTO `MARCA` (`COD_MAR`,`NOME`) VALUES (29,'AMERICAR',NULL);
INSERT INTO `MARCA` (`COD_MAR`,`NOME`) VALUES (31,'ASTON MARTIN',NULL);
INSERT INTO `MARCA` (`COD_MAR`,`NOME`) VALUES (32,'AUDI',NULL);
INSERT INTO `MARCA` (`COD_MAR`,`NOME`) VALUES (34,'BEACH',NULL);
INSERT INTO `MARCA` (`COD_MAR`,`NOME`) VALUES (35,'BIANCO',NULL);
INSERT INTO `MARCA` (`COD_MAR`,`NOME`) VALUES (36,'BMW',NULL);
INSERT INTO `MARCA` (`COD_MAR`,`NOME`) VALUES (37,'BORGWARD',NULL);
INSERT INTO `MARCA` (`COD_MAR`,`NOME`) VALUES (38,'BRILLIANCE',NULL);
INSERT INTO `MARCA` (`COD_MAR`,`NOME`) VALUES (41,'BUICK',NULL);
INSERT INTO `MARCA` (`COD_MAR`,`NOME`) VALUES (42,'CBT',NULL);
INSERT INTO `MARCA` (`COD_MAR`,`NOME`) VALUES (43,'NISSAN',NULL);
INSERT INTO `MARCA` (`COD_MAR`,`NOME`) VALUES (44,'CHAMONIX',NULL);
INSERT INTO `MARCA` (`COD_MAR`,`NOME`) VALUES (46,'CHEDA',NULL);
INSERT INTO `MARCA` (`COD_MAR`,`NOME`) VALUES (47,'CHERY',NULL);
INSERT INTO `MARCA` (`COD_MAR`,`NOME`) VALUES (48,'CORD',NULL);
INSERT INTO `MARCA` (`COD_MAR`,`NOME`) VALUES (49,'COYOTE',NULL);
INSERT INTO `MARCA` (`COD_MAR`,`NOME`) VALUES (50,'CROSS LANDER',NULL);
INSERT INTO `MARCA` (`COD_MAR`,`NOME`) VALUES (51,'DAEWOO',NULL);
INSERT INTO `MARCA` (`COD_MAR`,`NOME`) VALUES (52,'DAIHATSU',NULL);
INSERT INTO `MARCA` (`COD_MAR`,`NOME`) VALUES (53,'VOLVO',NULL);
INSERT INTO `MARCA` (`COD_MAR`,`NOME`) VALUES (54,'DE SOTO',NULL);
INSERT INTO `MARCA` (`COD_MAR`,`NOME`) VALUES (55,'DETOMAZO',NULL);
INSERT INTO `MARCA` (`COD_MAR`,`NOME`) VALUES (56,'DELOREAN',NULL);
INSERT INTO `MARCA` (`COD_MAR`,`NOME`) VALUES (57,'DKW-VEMAG',NULL);
INSERT INTO `MARCA` (`COD_MAR`,`NOME`) VALUES (59,'SUZUKI',NULL);
INSERT INTO `MARCA` (`COD_MAR`,`NOME`) VALUES (60,'EAGLE',NULL);
INSERT INTO `MARCA` (`COD_MAR`,`NOME`) VALUES (61,'EFFA',NULL);
INSERT INTO `MARCA` (`COD_MAR`,`NOME`) VALUES (63,'ENGESA',NULL);
INSERT INTO `MARCA` (`COD_MAR`,`NOME`) VALUES (64,'ENVEMO',NULL);
INSERT INTO `MARCA` (`COD_MAR`,`NOME`) VALUES (65,'FARUS',NULL);
INSERT INTO `MARCA` (`COD_MAR`,`NOME`) VALUES (66,'FERCAR',NULL);
INSERT INTO `MARCA` (`COD_MAR`,`NOME`) VALUES (68,'FNM',NULL);
INSERT INTO `MARCA` (`COD_MAR`,`NOME`) VALUES (69,'PONTIAC',NULL);
INSERT INTO `MARCA` (`COD_MAR`,`NOME`) VALUES (70,'PORSCHE',NULL);
INSERT INTO `MARCA` (`COD_MAR`,`NOME`) VALUES (72,'GEO',NULL);
INSERT INTO `MARCA` (`COD_MAR`,`NOME`) VALUES (74,'GRANCAR',NULL);
INSERT INTO `MARCA` (`COD_MAR`,`NOME`) VALUES (75,'GREAT WALL',NULL);
INSERT INTO `MARCA` (`COD_MAR`,`NOME`) VALUES (76,'HAFEI',NULL);
INSERT INTO `MARCA` (`COD_MAR`,`NOME`) VALUES (78,'HOFSTETTER',NULL);
INSERT INTO `MARCA` (`COD_MAR`,`NOME`) VALUES (79,'HUDSON',NULL);
INSERT INTO `MARCA` (`COD_MAR`,`NOME`) VALUES (80,'HUMMER',NULL);
INSERT INTO `MARCA` (`COD_MAR`,`NOME`) VALUES (82,'INFINITI',NULL);
INSERT INTO `MARCA` (`COD_MAR`,`NOME`) VALUES (83,'INTERNATIONAL',NULL);
INSERT INTO `MARCA` (`COD_MAR`,`NOME`) VALUES (86,'JAGUAR',NULL);
INSERT INTO `MARCA` (`COD_MAR`,`NOME`) VALUES (87,'JEEP',NULL);
INSERT INTO `MARCA` (`COD_MAR`,`NOME`) VALUES (88,'JINBEI',NULL);
INSERT INTO `MARCA` (`COD_MAR`,`NOME`) VALUES (89,'JPX',NULL);
INSERT INTO `MARCA` (`COD_MAR`,`NOME`) VALUES (90,'KAISER',NULL);
INSERT INTO `MARCA` (`COD_MAR`,`NOME`) VALUES (91,'KOENIGSEGG',NULL);
INSERT INTO `MARCA` (`COD_MAR`,`NOME`) VALUES (92,'LAUTOMOBILE',NULL);
INSERT INTO `MARCA` (`COD_MAR`,`NOME`) VALUES (93,'LAUTOCRAFT',NULL);
INSERT INTO `MARCA` (`COD_MAR`,`NOME`) VALUES (94,'LADA',NULL);
INSERT INTO `MARCA` (`COD_MAR`,`NOME`) VALUES (95,'LANCIA',NULL);
INSERT INTO `MARCA` (`COD_MAR`,`NOME`) VALUES (96,'LAND ROVER',NULL);
INSERT INTO `MARCA` (`COD_MAR`,`NOME`) VALUES (97,'LEXUS',NULL);
INSERT INTO `MARCA` (`COD_MAR`,`NOME`) VALUES (98,'LIFAN',NULL);
INSERT INTO `MARCA` (`COD_MAR`,`NOME`) VALUES (99,'LINCOLN',NULL);
INSERT INTO `MARCA` (`COD_MAR`,`NOME`) VALUES (100,'LOBINI',NULL);
INSERT INTO `MARCA` (`COD_MAR`,`NOME`) VALUES (101,'LOTUS',NULL);
INSERT INTO `MARCA` (`COD_MAR`,`NOME`) VALUES (102,'MAHINDRA',NULL);
INSERT INTO `MARCA` (`COD_MAR`,`NOME`) VALUES (104,'MASERATI',NULL);
INSERT INTO `MARCA` (`COD_MAR`,`NOME`) VALUES (106,'MATRA',NULL);
INSERT INTO `MARCA` (`COD_MAR`,`NOME`) VALUES (107,'MAYBACH',NULL);
INSERT INTO `MARCA` (`COD_MAR`,`NOME`) VALUES (108,'MAZDA',NULL);
INSERT INTO `MARCA` (`COD_MAR`,`NOME`) VALUES (109,'MENON',NULL);
INSERT INTO `MARCA` (`COD_MAR`,`NOME`) VALUES (110,'MERCURY',NULL);
INSERT INTO `MARCA` (`COD_MAR`,`NOME`) VALUES (111,'MITSUBISHI',NULL);
INSERT INTO `MARCA` (`COD_MAR`,`NOME`) VALUES (112,'MG',NULL);
INSERT INTO `MARCA` (`COD_MAR`,`NOME`) VALUES (113,'MINI',NULL);
INSERT INTO `MARCA` (`COD_MAR`,`NOME`) VALUES (114,'MIURA',NULL);
INSERT INTO `MARCA` (`COD_MAR`,`NOME`) VALUES (115,'MORRIS',NULL);
INSERT INTO `MARCA` (`COD_MAR`,`NOME`) VALUES (116,'MP LAFER',NULL);
INSERT INTO `MARCA` (`COD_MAR`,`NOME`) VALUES (117,'MPLM',NULL);
INSERT INTO `MARCA` (`COD_MAR`,`NOME`) VALUES (118,'NEWTRACK',NULL);
INSERT INTO `MARCA` (`COD_MAR`,`NOME`) VALUES (119,'NISSIN',NULL);
INSERT INTO `MARCA` (`COD_MAR`,`NOME`) VALUES (120,'OLDSMOBILE',NULL);
INSERT INTO `MARCA` (`COD_MAR`,`NOME`) VALUES (121,'PAG',NULL);
INSERT INTO `MARCA` (`COD_MAR`,`NOME`) VALUES (122,'PAGANI',NULL);
INSERT INTO `MARCA` (`COD_MAR`,`NOME`) VALUES (123,'PLYMOUTH',NULL);
INSERT INTO `MARCA` (`COD_MAR`,`NOME`) VALUES (124,'PUMA',NULL);
INSERT INTO `MARCA` (`COD_MAR`,`NOME`) VALUES (125,'RENO',NULL);
INSERT INTO `MARCA` (`COD_MAR`,`NOME`) VALUES (126,'REVA-I',NULL);
INSERT INTO `MARCA` (`COD_MAR`,`NOME`) VALUES (127,'ROLLS-ROYCE',NULL);
INSERT INTO `MARCA` (`COD_MAR`,`NOME`) VALUES (129,'ROMI',NULL);
INSERT INTO `MARCA` (`COD_MAR`,`NOME`) VALUES (130,'SEAT',NULL);
INSERT INTO `MARCA` (`COD_MAR`,`NOME`) VALUES (131,'UTILITARIOS AGRICOLAS',NULL);
INSERT INTO `MARCA` (`COD_MAR`,`NOME`) VALUES (132,'SHINERAY',NULL);
INSERT INTO `MARCA` (`COD_MAR`,`NOME`) VALUES (137,'SAAB',NULL);
INSERT INTO `MARCA` (`COD_MAR`,`NOME`) VALUES (139,'SHORT',NULL);
INSERT INTO `MARCA` (`COD_MAR`,`NOME`) VALUES (141,'SIMCA',NULL);
INSERT INTO `MARCA` (`COD_MAR`,`NOME`) VALUES (142,'SMART',NULL);
INSERT INTO `MARCA` (`COD_MAR`,`NOME`) VALUES (143,'SPYKER',NULL);
INSERT INTO `MARCA` (`COD_MAR`,`NOME`) VALUES (144,'STANDARD',NULL);
INSERT INTO `MARCA` (`COD_MAR`,`NOME`) VALUES (145,'STUDEBAKER',NULL);
INSERT INTO `MARCA` (`COD_MAR`,`NOME`) VALUES (146,'TAC',NULL);
INSERT INTO `MARCA` (`COD_MAR`,`NOME`) VALUES (147,'TANGER',NULL);
INSERT INTO `MARCA` (`COD_MAR`,`NOME`) VALUES (148,'TRIUMPH',NULL);
INSERT INTO `MARCA` (`COD_MAR`,`NOME`) VALUES (149,'TROLLER',NULL);
INSERT INTO `MARCA` (`COD_MAR`,`NOME`) VALUES (150,'UNIMOG',NULL);
INSERT INTO `MARCA` (`COD_MAR`,`NOME`) VALUES (154,'WIESMANN',NULL);
INSERT INTO `MARCA` (`COD_MAR`,`NOME`) VALUES (155,'CADILLAC',NULL);
INSERT INTO `MARCA` (`COD_MAR`,`NOME`) VALUES (156,'AM GEN',NULL);
INSERT INTO `MARCA` (`COD_MAR`,`NOME`) VALUES (157,'BUGGY',NULL);
INSERT INTO `MARCA` (`COD_MAR`,`NOME`) VALUES (158,'WILLYS OVERLAND',NULL);
INSERT INTO `MARCA` (`COD_MAR`,`NOME`) VALUES (161,'KASEA',NULL);
INSERT INTO `MARCA` (`COD_MAR`,`NOME`) VALUES (162,'SATURN',NULL);
INSERT INTO `MARCA` (`COD_MAR`,`NOME`) VALUES (163,'SWELL MINI',NULL);
INSERT INTO `MARCA` (`COD_MAR`,`NOME`) VALUES (175,'SKODA',NULL);
INSERT INTO `MARCA` (`COD_MAR`,`NOME`) VALUES (239,'KARMANN GHIA',NULL);
INSERT INTO `MARCA` (`COD_MAR`,`NOME`) VALUES (254,'KART',NULL);
INSERT INTO `MARCA` (`COD_MAR`,`NOME`) VALUES (258,'HANOMAG',NULL);
INSERT INTO `MARCA` (`COD_MAR`,`NOME`) VALUES (261,'OUTROS',NULL);
INSERT INTO `MARCA` (`COD_MAR`,`NOME`) VALUES (265,'HILLMAN',NULL);
INSERT INTO `MARCA` (`COD_MAR`,`NOME`) VALUES (288,'HRG',NULL);
INSERT INTO `MARCA` (`COD_MAR`,`NOME`) VALUES (295,'GAIOLA',NULL);
INSERT INTO `MARCA` (`COD_MAR`,`NOME`) VALUES (338,'TATA',NULL);
INSERT INTO `MARCA` (`COD_MAR`,`NOME`) VALUES (341,'DITALLY',NULL);
INSERT INTO `MARCA` (`COD_MAR`,`NOME`) VALUES (345,'RELY',NULL);
INSERT INTO `MARCA` (`COD_MAR`,`NOME`) VALUES (346,'MCLAREN',NULL);
INSERT INTO `MARCA` (`COD_MAR`,`NOME`) VALUES (534,'GEELY',NULL);

-- -----------------------------------------------------
-- Table `Cars_Store`.`Modelo`
-- -----------------------------------------------------
CREATE TABLE IF NOT EXISTS `Cars_Store`.`Modelo` (
  `ID` INT NOT NULL,
  `IDMARCA` INT NOT NULL,
  `NOME` varchar(45) NOT NULL,
  PRIMARY KEY (`ID`))
ENGINE = InnoDB;
INSERT INTO `MODELO` (`ID`,`IDMARCA`,`NOME`) VALUES (1,25,'INTEGRA');
INSERT INTO `MODELO` (`ID`,`IDMARCA`,`NOME`) VALUES (2,25,'LEGEND');
INSERT INTO `MODELO` (`ID`,`IDMARCA`,`NOME`) VALUES (3,25,'NSX');
INSERT INTO `MODELO` (`ID`,`IDMARCA`,`NOME`) VALUES (4,27,'MARRUA');
INSERT INTO `MODELO` (`ID`,`IDMARCA`,`NOME`) VALUES (5,28,'145');
INSERT INTO `MODELO` (`ID`,`IDMARCA`,`NOME`) VALUES (6,28,'147');
INSERT INTO `MODELO` (`ID`,`IDMARCA`,`NOME`) VALUES (7,28,'155');
INSERT INTO `MODELO` (`ID`,`IDMARCA`,`NOME`) VALUES (8,28,'156');
INSERT INTO `MODELO` (`ID`,`IDMARCA`,`NOME`) VALUES (9,28,'164');
INSERT INTO `MODELO` (`ID`,`IDMARCA`,`NOME`) VALUES (10,28,'166');
INSERT INTO `MODELO` (`ID`,`IDMARCA`,`NOME`) VALUES (11,28,'2300');
INSERT INTO `MODELO` (`ID`,`IDMARCA`,`NOME`) VALUES (12,28,'SPIDER');
INSERT INTO `MODELO` (`ID`,`IDMARCA`,`NOME`) VALUES (13,156,'HUMMER');
INSERT INTO `MODELO` (`ID`,`IDMARCA`,`NOME`) VALUES (14,16,'AM-825');
INSERT INTO `MODELO` (`ID`,`IDMARCA`,`NOME`) VALUES (15,16,'HI-TOPIC');
INSERT INTO `MODELO` (`ID`,`IDMARCA`,`NOME`) VALUES (16,16,'ROCSTA');
INSERT INTO `MODELO` (`ID`,`IDMARCA`,`NOME`) VALUES (17,16,'TOPIC');
INSERT INTO `MODELO` (`ID`,`IDMARCA`,`NOME`) VALUES (18,16,'TOWNER');
INSERT INTO `MODELO` (`ID`,`IDMARCA`,`NOME`) VALUES (19,32,'100');
INSERT INTO `MODELO` (`ID`,`IDMARCA`,`NOME`) VALUES (20,32,'80');
INSERT INTO `MODELO` (`ID`,`IDMARCA`,`NOME`) VALUES (21,32,'A1');
INSERT INTO `MODELO` (`ID`,`IDMARCA`,`NOME`) VALUES (22,32,'A3');
INSERT INTO `MODELO` (`ID`,`IDMARCA`,`NOME`) VALUES (23,32,'A4 SEDAN');
INSERT INTO `MODELO` (`ID`,`IDMARCA`,`NOME`) VALUES (24,32,'A5 COUPE');
INSERT INTO `MODELO` (`ID`,`IDMARCA`,`NOME`) VALUES (25,32,'A6 SEDAN');
INSERT INTO `MODELO` (`ID`,`IDMARCA`,`NOME`) VALUES (26,32,'A7');
INSERT INTO `MODELO` (`ID`,`IDMARCA`,`NOME`) VALUES (27,32,'A8');
INSERT INTO `MODELO` (`ID`,`IDMARCA`,`NOME`) VALUES (30,32,'Q3');
INSERT INTO `MODELO` (`ID`,`IDMARCA`,`NOME`) VALUES (31,32,'Q5');
INSERT INTO `MODELO` (`ID`,`IDMARCA`,`NOME`) VALUES (32,32,'Q7');
INSERT INTO `MODELO` (`ID`,`IDMARCA`,`NOME`) VALUES (33,32,'R8');
INSERT INTO `MODELO` (`ID`,`IDMARCA`,`NOME`) VALUES (34,32,'RS3');
INSERT INTO `MODELO` (`ID`,`IDMARCA`,`NOME`) VALUES (35,32,'RS4');
INSERT INTO `MODELO` (`ID`,`IDMARCA`,`NOME`) VALUES (36,32,'RS5');
INSERT INTO `MODELO` (`ID`,`IDMARCA`,`NOME`) VALUES (37,32,'RS6');
INSERT INTO `MODELO` (`ID`,`IDMARCA`,`NOME`) VALUES (38,32,'S3');
INSERT INTO `MODELO` (`ID`,`IDMARCA`,`NOME`) VALUES (39,32,'S4 SEDAN');
INSERT INTO `MODELO` (`ID`,`IDMARCA`,`NOME`) VALUES (40,32,'S6 SEDAN');
INSERT INTO `MODELO` (`ID`,`IDMARCA`,`NOME`) VALUES (41,32,'S8');
INSERT INTO `MODELO` (`ID`,`IDMARCA`,`NOME`) VALUES (42,32,'TT');
INSERT INTO `MODELO` (`ID`,`IDMARCA`,`NOME`) VALUES (43,32,'TTS');
INSERT INTO `MODELO` (`ID`,`IDMARCA`,`NOME`) VALUES (86,157,'BUGGY');
INSERT INTO `MODELO` (`ID`,`IDMARCA`,`NOME`) VALUES (87,155,'DEVILLE');
INSERT INTO `MODELO` (`ID`,`IDMARCA`,`NOME`) VALUES (88,155,'ELDORADO');
INSERT INTO `MODELO` (`ID`,`IDMARCA`,`NOME`) VALUES (89,155,'SEVILLE');
INSERT INTO `MODELO` (`ID`,`IDMARCA`,`NOME`) VALUES (90,42,'JAVALI');
INSERT INTO `MODELO` (`ID`,`IDMARCA`,`NOME`) VALUES (92,6,'MINI STAR FAMILY');
INSERT INTO `MODELO` (`ID`,`IDMARCA`,`NOME`) VALUES (93,6,'MINI STAR UTILITY');
INSERT INTO `MODELO` (`ID`,`IDMARCA`,`NOME`) VALUES (95,47,'CIELO');
INSERT INTO `MODELO` (`ID`,`IDMARCA`,`NOME`) VALUES (96,47,'FACE');
INSERT INTO `MODELO` (`ID`,`IDMARCA`,`NOME`) VALUES (97,47,'QQ');
INSERT INTO `MODELO` (`ID`,`IDMARCA`,`NOME`) VALUES (98,47,'S-18');
INSERT INTO `MODELO` (`ID`,`IDMARCA`,`NOME`) VALUES (99,47,'TIGGO');
INSERT INTO `MODELO` (`ID`,`IDMARCA`,`NOME`) VALUES (100,19,'300C');
INSERT INTO `MODELO` (`ID`,`IDMARCA`,`NOME`) VALUES (101,19,'CARAVAN');
INSERT INTO `MODELO` (`ID`,`IDMARCA`,`NOME`) VALUES (102,19,'CIRRUS');
INSERT INTO `MODELO` (`ID`,`IDMARCA`,`NOME`) VALUES (103,19,'GRAN CARAVAN');
INSERT INTO `MODELO` (`ID`,`IDMARCA`,`NOME`) VALUES (104,19,'LE BARON');
INSERT INTO `MODELO` (`ID`,`IDMARCA`,`NOME`) VALUES (105,19,'NEON');
INSERT INTO `MODELO` (`ID`,`IDMARCA`,`NOME`) VALUES (106,19,'PT CRUISER');
INSERT INTO `MODELO` (`ID`,`IDMARCA`,`NOME`) VALUES (107,19,'SEBRING');
INSERT INTO `MODELO` (`ID`,`IDMARCA`,`NOME`) VALUES (108,19,'STRATUS');
INSERT INTO `MODELO` (`ID`,`IDMARCA`,`NOME`) VALUES (109,19,'TOWN E COUNTRY');
INSERT INTO `MODELO` (`ID`,`IDMARCA`,`NOME`) VALUES (110,19,'VISION');
INSERT INTO `MODELO` (`ID`,`IDMARCA`,`NOME`) VALUES (111,5,'AIRCROSS');
INSERT INTO `MODELO` (`ID`,`IDMARCA`,`NOME`) VALUES (112,5,'AX');
INSERT INTO `MODELO` (`ID`,`IDMARCA`,`NOME`) VALUES (113,5,'BERLINGO');
INSERT INTO `MODELO` (`ID`,`IDMARCA`,`NOME`) VALUES (114,5,'BX');
INSERT INTO `MODELO` (`ID`,`IDMARCA`,`NOME`) VALUES (115,5,'C3');
INSERT INTO `MODELO` (`ID`,`IDMARCA`,`NOME`) VALUES (116,5,'C4');
INSERT INTO `MODELO` (`ID`,`IDMARCA`,`NOME`) VALUES (117,5,'C5');
INSERT INTO `MODELO` (`ID`,`IDMARCA`,`NOME`) VALUES (118,5,'C6');
INSERT INTO `MODELO` (`ID`,`IDMARCA`,`NOME`) VALUES (119,5,'C8');
INSERT INTO `MODELO` (`ID`,`IDMARCA`,`NOME`) VALUES (120,5,'DS3');
INSERT INTO `MODELO` (`ID`,`IDMARCA`,`NOME`) VALUES (121,5,'EVASION');
INSERT INTO `MODELO` (`ID`,`IDMARCA`,`NOME`) VALUES (122,5,'JUMPER');
INSERT INTO `MODELO` (`ID`,`IDMARCA`,`NOME`) VALUES (123,5,'XANTIA');
INSERT INTO `MODELO` (`ID`,`IDMARCA`,`NOME`) VALUES (124,5,'XM');
INSERT INTO `MODELO` (`ID`,`IDMARCA`,`NOME`) VALUES (125,5,'XSARA');
INSERT INTO `MODELO` (`ID`,`IDMARCA`,`NOME`) VALUES (126,5,'ZX');
INSERT INTO `MODELO` (`ID`,`IDMARCA`,`NOME`) VALUES (127,50,'CL-244');
INSERT INTO `MODELO` (`ID`,`IDMARCA`,`NOME`) VALUES (128,50,'CL-330');
INSERT INTO `MODELO` (`ID`,`IDMARCA`,`NOME`) VALUES (129,51,'ESPERO');
INSERT INTO `MODELO` (`ID`,`IDMARCA`,`NOME`) VALUES (130,51,'LANOS');
INSERT INTO `MODELO` (`ID`,`IDMARCA`,`NOME`) VALUES (131,51,'LEGANZA');
INSERT INTO `MODELO` (`ID`,`IDMARCA`,`NOME`) VALUES (132,51,'NUBIRA');
INSERT INTO `MODELO` (`ID`,`IDMARCA`,`NOME`) VALUES (133,51,'PRINCE');
INSERT INTO `MODELO` (`ID`,`IDMARCA`,`NOME`) VALUES (134,51,'RACER');
INSERT INTO `MODELO` (`ID`,`IDMARCA`,`NOME`) VALUES (135,51,'SUPER SALON');
INSERT INTO `MODELO` (`ID`,`IDMARCA`,`NOME`) VALUES (136,51,'TICO');
INSERT INTO `MODELO` (`ID`,`IDMARCA`,`NOME`) VALUES (137,52,'APPLAUSE');
INSERT INTO `MODELO` (`ID`,`IDMARCA`,`NOME`) VALUES (138,52,'CHARADE');
INSERT INTO `MODELO` (`ID`,`IDMARCA`,`NOME`) VALUES (139,52,'CUORE');
INSERT INTO `MODELO` (`ID`,`IDMARCA`,`NOME`) VALUES (140,52,'FEROZA');
INSERT INTO `MODELO` (`ID`,`IDMARCA`,`NOME`) VALUES (141,52,'GRAN MOVE');
INSERT INTO `MODELO` (`ID`,`IDMARCA`,`NOME`) VALUES (142,52,'MOVE VAN');
INSERT INTO `MODELO` (`ID`,`IDMARCA`,`NOME`) VALUES (143,52,'TERIOS');
INSERT INTO `MODELO` (`ID`,`IDMARCA`,`NOME`) VALUES (144,18,'AVENGER');
INSERT INTO `MODELO` (`ID`,`IDMARCA`,`NOME`) VALUES (145,18,'DAKOTA');
INSERT INTO `MODELO` (`ID`,`IDMARCA`,`NOME`) VALUES (146,18,'JOURNEY');
INSERT INTO `MODELO` (`ID`,`IDMARCA`,`NOME`) VALUES (147,18,'RAM');
INSERT INTO `MODELO` (`ID`,`IDMARCA`,`NOME`) VALUES (148,18,'STEALTH');
INSERT INTO `MODELO` (`ID`,`IDMARCA`,`NOME`) VALUES (151,61,'M-100');
INSERT INTO `MODELO` (`ID`,`IDMARCA`,`NOME`) VALUES (152,61,'PLUTUS');
INSERT INTO `MODELO` (`ID`,`IDMARCA`,`NOME`) VALUES (153,61,'START');
INSERT INTO `MODELO` (`ID`,`IDMARCA`,`NOME`) VALUES (155,61,'ULC');
INSERT INTO `MODELO` (`ID`,`IDMARCA`,`NOME`) VALUES (158,63,'ENGESA');
INSERT INTO `MODELO` (`ID`,`IDMARCA`,`NOME`) VALUES (159,64,'CAMPER');
INSERT INTO `MODELO` (`ID`,`IDMARCA`,`NOME`) VALUES (160,64,'MASTER');
INSERT INTO `MODELO` (`ID`,`IDMARCA`,`NOME`) VALUES (161,10,'348');
INSERT INTO `MODELO` (`ID`,`IDMARCA`,`NOME`) VALUES (162,10,'355');
INSERT INTO `MODELO` (`ID`,`IDMARCA`,`NOME`) VALUES (163,10,'360');
INSERT INTO `MODELO` (`ID`,`IDMARCA`,`NOME`) VALUES (164,10,'456');
INSERT INTO `MODELO` (`ID`,`IDMARCA`,`NOME`) VALUES (165,10,'550');
INSERT INTO `MODELO` (`ID`,`IDMARCA`,`NOME`) VALUES (166,10,'575M');
INSERT INTO `MODELO` (`ID`,`IDMARCA`,`NOME`) VALUES (167,10,'612');
INSERT INTO `MODELO` (`ID`,`IDMARCA`,`NOME`) VALUES (168,10,'CALIFORNIA');
INSERT INTO `MODELO` (`ID`,`IDMARCA`,`NOME`) VALUES (169,10,'F430');
INSERT INTO `MODELO` (`ID`,`IDMARCA`,`NOME`) VALUES (170,10,'F599');
INSERT INTO `MODELO` (`ID`,`IDMARCA`,`NOME`) VALUES (171,3,'147');
INSERT INTO `MODELO` (`ID`,`IDMARCA`,`NOME`) VALUES (174,3,'500');
INSERT INTO `MODELO` (`ID`,`IDMARCA`,`NOME`) VALUES (175,3,'BRAVA');
INSERT INTO `MODELO` (`ID`,`IDMARCA`,`NOME`) VALUES (176,3,'BRAVO');
INSERT INTO `MODELO` (`ID`,`IDMARCA`,`NOME`) VALUES (178,3,'COUPE');
INSERT INTO `MODELO` (`ID`,`IDMARCA`,`NOME`) VALUES (179,3,'DOBLO');
INSERT INTO `MODELO` (`ID`,`IDMARCA`,`NOME`) VALUES (180,3,'DUCATO CARGO');
INSERT INTO `MODELO` (`ID`,`IDMARCA`,`NOME`) VALUES (181,3,'DUNA');
INSERT INTO `MODELO` (`ID`,`IDMARCA`,`NOME`) VALUES (182,3,'ELBA');
INSERT INTO `MODELO` (`ID`,`IDMARCA`,`NOME`) VALUES (183,3,'FIORINO');
INSERT INTO `MODELO` (`ID`,`IDMARCA`,`NOME`) VALUES (184,3,'FREEMONT');
INSERT INTO `MODELO` (`ID`,`IDMARCA`,`NOME`) VALUES (185,3,'GRAND SIENA');
INSERT INTO `MODELO` (`ID`,`IDMARCA`,`NOME`) VALUES (186,3,'IDEA');
INSERT INTO `MODELO` (`ID`,`IDMARCA`,`NOME`) VALUES (187,3,'LINEA');
INSERT INTO `MODELO` (`ID`,`IDMARCA`,`NOME`) VALUES (188,3,'MAREA');
INSERT INTO `MODELO` (`ID`,`IDMARCA`,`NOME`) VALUES (189,3,'OGGI');
INSERT INTO `MODELO` (`ID`,`IDMARCA`,`NOME`) VALUES (190,3,'PALIO');
INSERT INTO `MODELO` (`ID`,`IDMARCA`,`NOME`) VALUES (191,3,'PANORAMA');
INSERT INTO `MODELO` (`ID`,`IDMARCA`,`NOME`) VALUES (192,3,'PREMIO');
INSERT INTO `MODELO` (`ID`,`IDMARCA`,`NOME`) VALUES (193,3,'PUNTO');
INSERT INTO `MODELO` (`ID`,`IDMARCA`,`NOME`) VALUES (194,3,'SIENA');
INSERT INTO `MODELO` (`ID`,`IDMARCA`,`NOME`) VALUES (195,3,'STILO');
INSERT INTO `MODELO` (`ID`,`IDMARCA`,`NOME`) VALUES (196,3,'STRADA');
INSERT INTO `MODELO` (`ID`,`IDMARCA`,`NOME`) VALUES (197,3,'TEMPRA');
INSERT INTO `MODELO` (`ID`,`IDMARCA`,`NOME`) VALUES (198,3,'TIPO');
INSERT INTO `MODELO` (`ID`,`IDMARCA`,`NOME`) VALUES (199,3,'UNO');
INSERT INTO `MODELO` (`ID`,`IDMARCA`,`NOME`) VALUES (201,13,'AEROSTAR');
INSERT INTO `MODELO` (`ID`,`IDMARCA`,`NOME`) VALUES (202,13,'ASPIRE');
INSERT INTO `MODELO` (`ID`,`IDMARCA`,`NOME`) VALUES (203,13,'BELINA');
INSERT INTO `MODELO` (`ID`,`IDMARCA`,`NOME`) VALUES (204,13,'CLUB WAGON');
INSERT INTO `MODELO` (`ID`,`IDMARCA`,`NOME`) VALUES (205,13,'CONTOUR');
INSERT INTO `MODELO` (`ID`,`IDMARCA`,`NOME`) VALUES (206,13,'CORCEL II');
INSERT INTO `MODELO` (`ID`,`IDMARCA`,`NOME`) VALUES (207,13,'COURIER');
INSERT INTO `MODELO` (`ID`,`IDMARCA`,`NOME`) VALUES (208,13,'CROWN VICTORIA');
INSERT INTO `MODELO` (`ID`,`IDMARCA`,`NOME`) VALUES (209,13,'DEL REY');
INSERT INTO `MODELO` (`ID`,`IDMARCA`,`NOME`) VALUES (210,13,'ECOSPORT');
INSERT INTO `MODELO` (`ID`,`IDMARCA`,`NOME`) VALUES (211,13,'EDGE');
INSERT INTO `MODELO` (`ID`,`IDMARCA`,`NOME`) VALUES (212,13,'ESCORT');
INSERT INTO `MODELO` (`ID`,`IDMARCA`,`NOME`) VALUES (213,13,'EXPEDITION');
INSERT INTO `MODELO` (`ID`,`IDMARCA`,`NOME`) VALUES (214,13,'EXPLORER');
INSERT INTO `MODELO` (`ID`,`IDMARCA`,`NOME`) VALUES (215,13,'F-100');
INSERT INTO `MODELO` (`ID`,`IDMARCA`,`NOME`) VALUES (216,13,'F-1000');
INSERT INTO `MODELO` (`ID`,`IDMARCA`,`NOME`) VALUES (217,13,'F-150');
INSERT INTO `MODELO` (`ID`,`IDMARCA`,`NOME`) VALUES (218,13,'F-250');
INSERT INTO `MODELO` (`ID`,`IDMARCA`,`NOME`) VALUES (219,13,'FIESTA');
INSERT INTO `MODELO` (`ID`,`IDMARCA`,`NOME`) VALUES (220,13,'FOCUS');
INSERT INTO `MODELO` (`ID`,`IDMARCA`,`NOME`) VALUES (221,13,'FURGLAINE');
INSERT INTO `MODELO` (`ID`,`IDMARCA`,`NOME`) VALUES (222,13,'FUSION');
INSERT INTO `MODELO` (`ID`,`IDMARCA`,`NOME`) VALUES (223,13,'IBIZA');
INSERT INTO `MODELO` (`ID`,`IDMARCA`,`NOME`) VALUES (224,13,'KA');
INSERT INTO `MODELO` (`ID`,`IDMARCA`,`NOME`) VALUES (225,13,'MONDEO');
INSERT INTO `MODELO` (`ID`,`IDMARCA`,`NOME`) VALUES (226,13,'MUSTANG');
INSERT INTO `MODELO` (`ID`,`IDMARCA`,`NOME`) VALUES (227,13,'PAMPA');
INSERT INTO `MODELO` (`ID`,`IDMARCA`,`NOME`) VALUES (228,13,'PROBE');
INSERT INTO `MODELO` (`ID`,`IDMARCA`,`NOME`) VALUES (229,13,'RANGER');
INSERT INTO `MODELO` (`ID`,`IDMARCA`,`NOME`) VALUES (230,13,'VERSAILLES ROYALE');
INSERT INTO `MODELO` (`ID`,`IDMARCA`,`NOME`) VALUES (231,13,'TAURUS');
INSERT INTO `MODELO` (`ID`,`IDMARCA`,`NOME`) VALUES (232,13,'THUNDERBIRD');
INSERT INTO `MODELO` (`ID`,`IDMARCA`,`NOME`) VALUES (233,13,'TRANSIT');
INSERT INTO `MODELO` (`ID`,`IDMARCA`,`NOME`) VALUES (234,13,'VERONA');
INSERT INTO `MODELO` (`ID`,`IDMARCA`,`NOME`) VALUES (235,13,'VERSAILLES');
INSERT INTO `MODELO` (`ID`,`IDMARCA`,`NOME`) VALUES (236,13,'WINDSTAR');
INSERT INTO `MODELO` (`ID`,`IDMARCA`,`NOME`) VALUES (238,1,'A-10');
INSERT INTO `MODELO` (`ID`,`IDMARCA`,`NOME`) VALUES (239,1,'A-20');
INSERT INTO `MODELO` (`ID`,`IDMARCA`,`NOME`) VALUES (240,1,'AGILE');
INSERT INTO `MODELO` (`ID`,`IDMARCA`,`NOME`) VALUES (241,1,'ASTRA');
INSERT INTO `MODELO` (`ID`,`IDMARCA`,`NOME`) VALUES (242,1,'BLAZER');
INSERT INTO `MODELO` (`ID`,`IDMARCA`,`NOME`) VALUES (243,1,'BONANZA');
INSERT INTO `MODELO` (`ID`,`IDMARCA`,`NOME`) VALUES (245,1,'C-10');
INSERT INTO `MODELO` (`ID`,`IDMARCA`,`NOME`) VALUES (246,1,'C-20');
INSERT INTO `MODELO` (`ID`,`IDMARCA`,`NOME`) VALUES (247,1,'CALIBRA');
INSERT INTO `MODELO` (`ID`,`IDMARCA`,`NOME`) VALUES (248,1,'CAMARO');
INSERT INTO `MODELO` (`ID`,`IDMARCA`,`NOME`) VALUES (249,1,'CAPRICE');
INSERT INTO `MODELO` (`ID`,`IDMARCA`,`NOME`) VALUES (250,1,'CAPTIVA');
INSERT INTO `MODELO` (`ID`,`IDMARCA`,`NOME`) VALUES (251,1,'CARAVAN');
INSERT INTO `MODELO` (`ID`,`IDMARCA`,`NOME`) VALUES (252,1,'CAVALIER');
INSERT INTO `MODELO` (`ID`,`IDMARCA`,`NOME`) VALUES (253,1,'CELTA');
INSERT INTO `MODELO` (`ID`,`IDMARCA`,`NOME`) VALUES (255,1,'CHEVY');
INSERT INTO `MODELO` (`ID`,`IDMARCA`,`NOME`) VALUES (256,1,'CHEYNNE');
INSERT INTO `MODELO` (`ID`,`IDMARCA`,`NOME`) VALUES (258,1,'COBALT');
INSERT INTO `MODELO` (`ID`,`IDMARCA`,`NOME`) VALUES (259,1,'CORSA');
INSERT INTO `MODELO` (`ID`,`IDMARCA`,`NOME`) VALUES (262,1,'CORVETTE');
INSERT INTO `MODELO` (`ID`,`IDMARCA`,`NOME`) VALUES (263,1,'CRUZE');
INSERT INTO `MODELO` (`ID`,`IDMARCA`,`NOME`) VALUES (264,1,'D-10');
INSERT INTO `MODELO` (`ID`,`IDMARCA`,`NOME`) VALUES (265,1,'D-20');
INSERT INTO `MODELO` (`ID`,`IDMARCA`,`NOME`) VALUES (266,1,'IPANEMA');
INSERT INTO `MODELO` (`ID`,`IDMARCA`,`NOME`) VALUES (267,1,'KADETT');
INSERT INTO `MODELO` (`ID`,`IDMARCA`,`NOME`) VALUES (268,1,'LUMINA');
INSERT INTO `MODELO` (`ID`,`IDMARCA`,`NOME`) VALUES (269,1,'MALIBU');
INSERT INTO `MODELO` (`ID`,`IDMARCA`,`NOME`) VALUES (271,1,'MERIVA');
INSERT INTO `MODELO` (`ID`,`IDMARCA`,`NOME`) VALUES (272,1,'MONTANA');
INSERT INTO `MODELO` (`ID`,`IDMARCA`,`NOME`) VALUES (274,1,'OMEGA');
INSERT INTO `MODELO` (`ID`,`IDMARCA`,`NOME`) VALUES (275,1,'OPALA');
INSERT INTO `MODELO` (`ID`,`IDMARCA`,`NOME`) VALUES (276,1,'PRISMA');
INSERT INTO `MODELO` (`ID`,`IDMARCA`,`NOME`) VALUES (277,1,'S10');
INSERT INTO `MODELO` (`ID`,`IDMARCA`,`NOME`) VALUES (280,1,'SILVERADO');
INSERT INTO `MODELO` (`ID`,`IDMARCA`,`NOME`) VALUES (281,1,'SONIC');
INSERT INTO `MODELO` (`ID`,`IDMARCA`,`NOME`) VALUES (282,1,'SONOMA');
INSERT INTO `MODELO` (`ID`,`IDMARCA`,`NOME`) VALUES (283,1,'SPACEVAN');
INSERT INTO `MODELO` (`ID`,`IDMARCA`,`NOME`) VALUES (284,1,'SS10');
INSERT INTO `MODELO` (`ID`,`IDMARCA`,`NOME`) VALUES (285,1,'SUBURBAN');
INSERT INTO `MODELO` (`ID`,`IDMARCA`,`NOME`) VALUES (287,1,'SYCLONE');
INSERT INTO `MODELO` (`ID`,`IDMARCA`,`NOME`) VALUES (288,1,'TIGRA');
INSERT INTO `MODELO` (`ID`,`IDMARCA`,`NOME`) VALUES (289,1,'TRACKER');
INSERT INTO `MODELO` (`ID`,`IDMARCA`,`NOME`) VALUES (290,1,'TRAFIC');
INSERT INTO `MODELO` (`ID`,`IDMARCA`,`NOME`) VALUES (291,1,'VECTRA');
INSERT INTO `MODELO` (`ID`,`IDMARCA`,`NOME`) VALUES (292,1,'VERANEIO');
INSERT INTO `MODELO` (`ID`,`IDMARCA`,`NOME`) VALUES (293,1,'ZAFIRA');
INSERT INTO `MODELO` (`ID`,`IDMARCA`,`NOME`) VALUES (294,75,'HOVER');
INSERT INTO `MODELO` (`ID`,`IDMARCA`,`NOME`) VALUES (295,17,'BR-800');
INSERT INTO `MODELO` (`ID`,`IDMARCA`,`NOME`) VALUES (296,17,'CARAJAS');
INSERT INTO `MODELO` (`ID`,`IDMARCA`,`NOME`) VALUES (297,17,'TOCANTINS');
INSERT INTO `MODELO` (`ID`,`IDMARCA`,`NOME`) VALUES (298,17,'XAVANTE');
INSERT INTO `MODELO` (`ID`,`IDMARCA`,`NOME`) VALUES (299,17,'VIP');
INSERT INTO `MODELO` (`ID`,`IDMARCA`,`NOME`) VALUES (300,76,'TOWNER');
INSERT INTO `MODELO` (`ID`,`IDMARCA`,`NOME`) VALUES (301,7,'ACCORD');
INSERT INTO `MODELO` (`ID`,`IDMARCA`,`NOME`) VALUES (302,7,'CITY');
INSERT INTO `MODELO` (`ID`,`IDMARCA`,`NOME`) VALUES (303,7,'CIVIC');
INSERT INTO `MODELO` (`ID`,`IDMARCA`,`NOME`) VALUES (304,7,'CR-V');
INSERT INTO `MODELO` (`ID`,`IDMARCA`,`NOME`) VALUES (305,7,'FIT');
INSERT INTO `MODELO` (`ID`,`IDMARCA`,`NOME`) VALUES (306,7,'ODYSSEY');
INSERT INTO `MODELO` (`ID`,`IDMARCA`,`NOME`) VALUES (307,7,'PASSPORT');
INSERT INTO `MODELO` (`ID`,`IDMARCA`,`NOME`) VALUES (308,7,'PRELUDE');
INSERT INTO `MODELO` (`ID`,`IDMARCA`,`NOME`) VALUES (309,14,'ACCENT');
INSERT INTO `MODELO` (`ID`,`IDMARCA`,`NOME`) VALUES (310,14,'ATOS');
INSERT INTO `MODELO` (`ID`,`IDMARCA`,`NOME`) VALUES (311,14,'AZERA');
INSERT INTO `MODELO` (`ID`,`IDMARCA`,`NOME`) VALUES (312,14,'COUPE');
INSERT INTO `MODELO` (`ID`,`IDMARCA`,`NOME`) VALUES (314,14,'ELANTRA');
INSERT INTO `MODELO` (`ID`,`IDMARCA`,`NOME`) VALUES (315,14,'EXCEL');
INSERT INTO `MODELO` (`ID`,`IDMARCA`,`NOME`) VALUES (316,14,'GALLOPER');
INSERT INTO `MODELO` (`ID`,`IDMARCA`,`NOME`) VALUES (317,14,'GENESIS');
INSERT INTO `MODELO` (`ID`,`IDMARCA`,`NOME`) VALUES (318,14,'H1');
INSERT INTO `MODELO` (`ID`,`IDMARCA`,`NOME`) VALUES (319,14,'H100');
INSERT INTO `MODELO` (`ID`,`IDMARCA`,`NOME`) VALUES (321,14,'I30');
INSERT INTO `MODELO` (`ID`,`IDMARCA`,`NOME`) VALUES (323,14,'IX35');
INSERT INTO `MODELO` (`ID`,`IDMARCA`,`NOME`) VALUES (324,14,'MATRIX');
INSERT INTO `MODELO` (`ID`,`IDMARCA`,`NOME`) VALUES (325,14,'PORTER');
INSERT INTO `MODELO` (`ID`,`IDMARCA`,`NOME`) VALUES (326,14,'SANTA FE');
INSERT INTO `MODELO` (`ID`,`IDMARCA`,`NOME`) VALUES (327,14,'SCOUPE');
INSERT INTO `MODELO` (`ID`,`IDMARCA`,`NOME`) VALUES (328,14,'SONATA');
INSERT INTO `MODELO` (`ID`,`IDMARCA`,`NOME`) VALUES (329,14,'TERRACAN');
INSERT INTO `MODELO` (`ID`,`IDMARCA`,`NOME`) VALUES (330,14,'TRAJET');
INSERT INTO `MODELO` (`ID`,`IDMARCA`,`NOME`) VALUES (331,14,'TUCSON');
INSERT INTO `MODELO` (`ID`,`IDMARCA`,`NOME`) VALUES (332,14,'VELOSTER');
INSERT INTO `MODELO` (`ID`,`IDMARCA`,`NOME`) VALUES (333,14,'VERACRUZ');
INSERT INTO `MODELO` (`ID`,`IDMARCA`,`NOME`) VALUES (334,84,'AMIGO');
INSERT INTO `MODELO` (`ID`,`IDMARCA`,`NOME`) VALUES (335,84,'HOMBRE');
INSERT INTO `MODELO` (`ID`,`IDMARCA`,`NOME`) VALUES (336,84,'RODEO');
INSERT INTO `MODELO` (`ID`,`IDMARCA`,`NOME`) VALUES (337,15,'J3');
INSERT INTO `MODELO` (`ID`,`IDMARCA`,`NOME`) VALUES (338,15,'J5');
INSERT INTO `MODELO` (`ID`,`IDMARCA`,`NOME`) VALUES (339,15,'J6');
INSERT INTO `MODELO` (`ID`,`IDMARCA`,`NOME`) VALUES (340,86,'DAIMLER');
INSERT INTO `MODELO` (`ID`,`IDMARCA`,`NOME`) VALUES (341,86,'S-TYPE');
INSERT INTO `MODELO` (`ID`,`IDMARCA`,`NOME`) VALUES (342,86,'X-TYPE');
INSERT INTO `MODELO` (`ID`,`IDMARCA`,`NOME`) VALUES (345,86,'MODELOS XJ');
INSERT INTO `MODELO` (`ID`,`IDMARCA`,`NOME`) VALUES (352,86,'MODELOS XK');
INSERT INTO `MODELO` (`ID`,`IDMARCA`,`NOME`) VALUES (354,87,'CHEROKEE');
INSERT INTO `MODELO` (`ID`,`IDMARCA`,`NOME`) VALUES (355,87,'COMMANDER');
INSERT INTO `MODELO` (`ID`,`IDMARCA`,`NOME`) VALUES (356,87,'COMPASS');
INSERT INTO `MODELO` (`ID`,`IDMARCA`,`NOME`) VALUES (357,87,'GRAND CHEROKEE');
INSERT INTO `MODELO` (`ID`,`IDMARCA`,`NOME`) VALUES (358,87,'WRANGLER');
INSERT INTO `MODELO` (`ID`,`IDMARCA`,`NOME`) VALUES (359,88,'TOPIC VAN');
INSERT INTO `MODELO` (`ID`,`IDMARCA`,`NOME`) VALUES (360,89,'JIPE MONTEZ');
INSERT INTO `MODELO` (`ID`,`IDMARCA`,`NOME`) VALUES (361,89,'PICAPE MONTEZ');
INSERT INTO `MODELO` (`ID`,`IDMARCA`,`NOME`) VALUES (362,16,'BESTA');
INSERT INTO `MODELO` (`ID`,`IDMARCA`,`NOME`) VALUES (363,16,'BONGO');
INSERT INTO `MODELO` (`ID`,`IDMARCA`,`NOME`) VALUES (364,16,'CADENZA');
INSERT INTO `MODELO` (`ID`,`IDMARCA`,`NOME`) VALUES (365,16,'CARENS');
INSERT INTO `MODELO` (`ID`,`IDMARCA`,`NOME`) VALUES (366,16,'CARNIVAL');
INSERT INTO `MODELO` (`ID`,`IDMARCA`,`NOME`) VALUES (367,16,'CERATO');
INSERT INTO `MODELO` (`ID`,`IDMARCA`,`NOME`) VALUES (368,16,'CERES');
INSERT INTO `MODELO` (`ID`,`IDMARCA`,`NOME`) VALUES (369,16,'CLARUS');
INSERT INTO `MODELO` (`ID`,`IDMARCA`,`NOME`) VALUES (370,16,'MAGENTIS');
INSERT INTO `MODELO` (`ID`,`IDMARCA`,`NOME`) VALUES (371,16,'MOHAVE');
INSERT INTO `MODELO` (`ID`,`IDMARCA`,`NOME`) VALUES (372,16,'OPIRUS');
INSERT INTO `MODELO` (`ID`,`IDMARCA`,`NOME`) VALUES (373,16,'OPTIMA');
INSERT INTO `MODELO` (`ID`,`IDMARCA`,`NOME`) VALUES (374,16,'PICANTO');
INSERT INTO `MODELO` (`ID`,`IDMARCA`,`NOME`) VALUES (375,16,'SEPHIA');
INSERT INTO `MODELO` (`ID`,`IDMARCA`,`NOME`) VALUES (376,16,'SHUMA');
INSERT INTO `MODELO` (`ID`,`IDMARCA`,`NOME`) VALUES (377,16,'SORENTO');
INSERT INTO `MODELO` (`ID`,`IDMARCA`,`NOME`) VALUES (378,16,'SOUL');
INSERT INTO `MODELO` (`ID`,`IDMARCA`,`NOME`) VALUES (379,16,'SPORTAGE');
INSERT INTO `MODELO` (`ID`,`IDMARCA`,`NOME`) VALUES (380,94,'LAIKA');
INSERT INTO `MODELO` (`ID`,`IDMARCA`,`NOME`) VALUES (381,94,'NIVA');
INSERT INTO `MODELO` (`ID`,`IDMARCA`,`NOME`) VALUES (382,94,'SAMARA');
INSERT INTO `MODELO` (`ID`,`IDMARCA`,`NOME`) VALUES (383,12,'GALLARDO');
INSERT INTO `MODELO` (`ID`,`IDMARCA`,`NOME`) VALUES (384,12,'MURCIELAGO');
INSERT INTO `MODELO` (`ID`,`IDMARCA`,`NOME`) VALUES (385,96,'DEFENDER');
INSERT INTO `MODELO` (`ID`,`IDMARCA`,`NOME`) VALUES (386,96,'DISCOVERY');
INSERT INTO `MODELO` (`ID`,`IDMARCA`,`NOME`) VALUES (389,96,'FREELANDER');
INSERT INTO `MODELO` (`ID`,`IDMARCA`,`NOME`) VALUES (391,96,'NEW RANGE');
INSERT INTO `MODELO` (`ID`,`IDMARCA`,`NOME`) VALUES (392,96,'RANGE ROVER');
INSERT INTO `MODELO` (`ID`,`IDMARCA`,`NOME`) VALUES (393,97,'ES');
INSERT INTO `MODELO` (`ID`,`IDMARCA`,`NOME`) VALUES (396,97,'GS');
INSERT INTO `MODELO` (`ID`,`IDMARCA`,`NOME`) VALUES (397,97,'IS-300');
INSERT INTO `MODELO` (`ID`,`IDMARCA`,`NOME`) VALUES (398,97,'LS');
INSERT INTO `MODELO` (`ID`,`IDMARCA`,`NOME`) VALUES (400,97,'RX');
INSERT INTO `MODELO` (`ID`,`IDMARCA`,`NOME`) VALUES (402,97,'SC');
INSERT INTO `MODELO` (`ID`,`IDMARCA`,`NOME`) VALUES (403,98,'320');
INSERT INTO `MODELO` (`ID`,`IDMARCA`,`NOME`) VALUES (404,98,'620');
INSERT INTO `MODELO` (`ID`,`IDMARCA`,`NOME`) VALUES (405,100,'H1');
INSERT INTO `MODELO` (`ID`,`IDMARCA`,`NOME`) VALUES (406,101,'ELAN');
INSERT INTO `MODELO` (`ID`,`IDMARCA`,`NOME`) VALUES (407,101,'ESPRIT');
INSERT INTO `MODELO` (`ID`,`IDMARCA`,`NOME`) VALUES (408,102,'SCORPIO');
INSERT INTO `MODELO` (`ID`,`IDMARCA`,`NOME`) VALUES (409,104,'222');
INSERT INTO `MODELO` (`ID`,`IDMARCA`,`NOME`) VALUES (410,104,'228');
INSERT INTO `MODELO` (`ID`,`IDMARCA`,`NOME`) VALUES (411,104,'3200');
INSERT INTO `MODELO` (`ID`,`IDMARCA`,`NOME`) VALUES (412,104,'430');
INSERT INTO `MODELO` (`ID`,`IDMARCA`,`NOME`) VALUES (413,104,'COUPE');
INSERT INTO `MODELO` (`ID`,`IDMARCA`,`NOME`) VALUES (414,104,'GHIBLI');
INSERT INTO `MODELO` (`ID`,`IDMARCA`,`NOME`) VALUES (415,104,'GRANCABRIO');
INSERT INTO `MODELO` (`ID`,`IDMARCA`,`NOME`) VALUES (416,104,'GRANSPORT');
INSERT INTO `MODELO` (`ID`,`IDMARCA`,`NOME`) VALUES (417,104,'GRANTURISMO');
INSERT INTO `MODELO` (`ID`,`IDMARCA`,`NOME`) VALUES (418,104,'QUATTROPORTE');
INSERT INTO `MODELO` (`ID`,`IDMARCA`,`NOME`) VALUES (419,104,'SHAMAL');
INSERT INTO `MODELO` (`ID`,`IDMARCA`,`NOME`) VALUES (420,104,'SPIDER');
INSERT INTO `MODELO` (`ID`,`IDMARCA`,`NOME`) VALUES (422,106,'PICK-UP');
INSERT INTO `MODELO` (`ID`,`IDMARCA`,`NOME`) VALUES (423,108,'323');
INSERT INTO `MODELO` (`ID`,`IDMARCA`,`NOME`) VALUES (424,108,'626');
INSERT INTO `MODELO` (`ID`,`IDMARCA`,`NOME`) VALUES (425,108,'929');
INSERT INTO `MODELO` (`ID`,`IDMARCA`,`NOME`) VALUES (426,108,'B-2500');
INSERT INTO `MODELO` (`ID`,`IDMARCA`,`NOME`) VALUES (427,108,'B2200');
INSERT INTO `MODELO` (`ID`,`IDMARCA`,`NOME`) VALUES (428,108,'MILLENIA');
INSERT INTO `MODELO` (`ID`,`IDMARCA`,`NOME`) VALUES (429,108,'MPV');
INSERT INTO `MODELO` (`ID`,`IDMARCA`,`NOME`) VALUES (430,108,'MX-3');
INSERT INTO `MODELO` (`ID`,`IDMARCA`,`NOME`) VALUES (431,108,'MX-5');
INSERT INTO `MODELO` (`ID`,`IDMARCA`,`NOME`) VALUES (432,108,'NAVAJO');
INSERT INTO `MODELO` (`ID`,`IDMARCA`,`NOME`) VALUES (433,108,'PROTEGE');
INSERT INTO `MODELO` (`ID`,`IDMARCA`,`NOME`) VALUES (434,108,'RX');
INSERT INTO `MODELO` (`ID`,`IDMARCA`,`NOME`) VALUES (467,4,'CLASSE A');
INSERT INTO `MODELO` (`ID`,`IDMARCA`,`NOME`) VALUES (468,4,'CLASSE B');
INSERT INTO `MODELO` (`ID`,`IDMARCA`,`NOME`) VALUES (469,4,'CLASSE R');
INSERT INTO `MODELO` (`ID`,`IDMARCA`,`NOME`) VALUES (498,4,'CLASSE GLK');
INSERT INTO `MODELO` (`ID`,`IDMARCA`,`NOME`) VALUES (531,4,'SPRINTER');
INSERT INTO `MODELO` (`ID`,`IDMARCA`,`NOME`) VALUES (532,110,'MYSTIQUE');
INSERT INTO `MODELO` (`ID`,`IDMARCA`,`NOME`) VALUES (533,110,'SABLE');
INSERT INTO `MODELO` (`ID`,`IDMARCA`,`NOME`) VALUES (534,112,'550');
INSERT INTO `MODELO` (`ID`,`IDMARCA`,`NOME`) VALUES (535,112,'MG6');
INSERT INTO `MODELO` (`ID`,`IDMARCA`,`NOME`) VALUES (536,113,'COOPER');
INSERT INTO `MODELO` (`ID`,`IDMARCA`,`NOME`) VALUES (537,113,'ONE');
INSERT INTO `MODELO` (`ID`,`IDMARCA`,`NOME`) VALUES (538,111,'3000');
INSERT INTO `MODELO` (`ID`,`IDMARCA`,`NOME`) VALUES (539,111,'AIRTREK');
INSERT INTO `MODELO` (`ID`,`IDMARCA`,`NOME`) VALUES (540,111,'ASX');
INSERT INTO `MODELO` (`ID`,`IDMARCA`,`NOME`) VALUES (541,111,'COLT');
INSERT INTO `MODELO` (`ID`,`IDMARCA`,`NOME`) VALUES (542,111,'DIAMANT');
INSERT INTO `MODELO` (`ID`,`IDMARCA`,`NOME`) VALUES (543,111,'ECLIPSE');
INSERT INTO `MODELO` (`ID`,`IDMARCA`,`NOME`) VALUES (544,111,'EXPO');
INSERT INTO `MODELO` (`ID`,`IDMARCA`,`NOME`) VALUES (545,111,'GALANT');
INSERT INTO `MODELO` (`ID`,`IDMARCA`,`NOME`) VALUES (546,111,'GRANDIS');
INSERT INTO `MODELO` (`ID`,`IDMARCA`,`NOME`) VALUES (547,111,'L200');
INSERT INTO `MODELO` (`ID`,`IDMARCA`,`NOME`) VALUES (548,111,'L300');
INSERT INTO `MODELO` (`ID`,`IDMARCA`,`NOME`) VALUES (549,111,'LANCER');
INSERT INTO `MODELO` (`ID`,`IDMARCA`,`NOME`) VALUES (550,111,'MIRAGE');
INSERT INTO `MODELO` (`ID`,`IDMARCA`,`NOME`) VALUES (551,111,'MONTERO');
INSERT INTO `MODELO` (`ID`,`IDMARCA`,`NOME`) VALUES (552,111,'OUTLANDER');
INSERT INTO `MODELO` (`ID`,`IDMARCA`,`NOME`) VALUES (553,111,'PAJERO');
INSERT INTO `MODELO` (`ID`,`IDMARCA`,`NOME`) VALUES (554,111,'SPACE WAGON');
INSERT INTO `MODELO` (`ID`,`IDMARCA`,`NOME`) VALUES (555,114,'BG-TRUCK');
INSERT INTO `MODELO` (`ID`,`IDMARCA`,`NOME`) VALUES (556,43,'350Z');
INSERT INTO `MODELO` (`ID`,`IDMARCA`,`NOME`) VALUES (557,43,'ALTIMA');
INSERT INTO `MODELO` (`ID`,`IDMARCA`,`NOME`) VALUES (558,43,'AX');
INSERT INTO `MODELO` (`ID`,`IDMARCA`,`NOME`) VALUES (559,43,'D-21');
INSERT INTO `MODELO` (`ID`,`IDMARCA`,`NOME`) VALUES (560,43,'FRONTIER');
INSERT INTO `MODELO` (`ID`,`IDMARCA`,`NOME`) VALUES (562,43,'KING-CAB');
INSERT INTO `MODELO` (`ID`,`IDMARCA`,`NOME`) VALUES (563,43,'LIVINA');
INSERT INTO `MODELO` (`ID`,`IDMARCA`,`NOME`) VALUES (564,43,'MARCH');
INSERT INTO `MODELO` (`ID`,`IDMARCA`,`NOME`) VALUES (565,43,'MAXIMA');
INSERT INTO `MODELO` (`ID`,`IDMARCA`,`NOME`) VALUES (567,43,'MURANO');
INSERT INTO `MODELO` (`ID`,`IDMARCA`,`NOME`) VALUES (568,43,'NX');
INSERT INTO `MODELO` (`ID`,`IDMARCA`,`NOME`) VALUES (569,43,'PATHFINDER');
INSERT INTO `MODELO` (`ID`,`IDMARCA`,`NOME`) VALUES (571,43,'PRIMERA');
INSERT INTO `MODELO` (`ID`,`IDMARCA`,`NOME`) VALUES (572,43,'QUEST');
INSERT INTO `MODELO` (`ID`,`IDMARCA`,`NOME`) VALUES (573,43,'SENTRA');
INSERT INTO `MODELO` (`ID`,`IDMARCA`,`NOME`) VALUES (574,43,'STANZA');
INSERT INTO `MODELO` (`ID`,`IDMARCA`,`NOME`) VALUES (575,43,'180SX');
INSERT INTO `MODELO` (`ID`,`IDMARCA`,`NOME`) VALUES (576,43,'TERRANO');
INSERT INTO `MODELO` (`ID`,`IDMARCA`,`NOME`) VALUES (577,43,'TIIDA');
INSERT INTO `MODELO` (`ID`,`IDMARCA`,`NOME`) VALUES (578,43,'VERSA');
INSERT INTO `MODELO` (`ID`,`IDMARCA`,`NOME`) VALUES (579,43,'X-TRAIL');
INSERT INTO `MODELO` (`ID`,`IDMARCA`,`NOME`) VALUES (580,43,'XTERRA');
INSERT INTO `MODELO` (`ID`,`IDMARCA`,`NOME`) VALUES (581,43,'ZX');
INSERT INTO `MODELO` (`ID`,`IDMARCA`,`NOME`) VALUES (582,22,'106');
INSERT INTO `MODELO` (`ID`,`IDMARCA`,`NOME`) VALUES (583,22,'205');
INSERT INTO `MODELO` (`ID`,`IDMARCA`,`NOME`) VALUES (584,22,'206');
INSERT INTO `MODELO` (`ID`,`IDMARCA`,`NOME`) VALUES (585,22,'207');
INSERT INTO `MODELO` (`ID`,`IDMARCA`,`NOME`) VALUES (586,22,'3008');
INSERT INTO `MODELO` (`ID`,`IDMARCA`,`NOME`) VALUES (587,22,'306');
INSERT INTO `MODELO` (`ID`,`IDMARCA`,`NOME`) VALUES (588,22,'307');
INSERT INTO `MODELO` (`ID`,`IDMARCA`,`NOME`) VALUES (589,22,'308');
INSERT INTO `MODELO` (`ID`,`IDMARCA`,`NOME`) VALUES (590,22,'405');
INSERT INTO `MODELO` (`ID`,`IDMARCA`,`NOME`) VALUES (591,22,'406');
INSERT INTO `MODELO` (`ID`,`IDMARCA`,`NOME`) VALUES (592,22,'407');
INSERT INTO `MODELO` (`ID`,`IDMARCA`,`NOME`) VALUES (593,22,'408');
INSERT INTO `MODELO` (`ID`,`IDMARCA`,`NOME`) VALUES (594,22,'504');
INSERT INTO `MODELO` (`ID`,`IDMARCA`,`NOME`) VALUES (595,22,'505');
INSERT INTO `MODELO` (`ID`,`IDMARCA`,`NOME`) VALUES (596,22,'508');
INSERT INTO `MODELO` (`ID`,`IDMARCA`,`NOME`) VALUES (597,22,'605');
INSERT INTO `MODELO` (`ID`,`IDMARCA`,`NOME`) VALUES (598,22,'607');
INSERT INTO `MODELO` (`ID`,`IDMARCA`,`NOME`) VALUES (599,22,'806');
INSERT INTO `MODELO` (`ID`,`IDMARCA`,`NOME`) VALUES (600,22,'807');
INSERT INTO `MODELO` (`ID`,`IDMARCA`,`NOME`) VALUES (601,22,'BOXER');
INSERT INTO `MODELO` (`ID`,`IDMARCA`,`NOME`) VALUES (602,22,'HOGGAR');
INSERT INTO `MODELO` (`ID`,`IDMARCA`,`NOME`) VALUES (603,22,'PARTNER');
INSERT INTO `MODELO` (`ID`,`IDMARCA`,`NOME`) VALUES (604,22,'RCZ');
INSERT INTO `MODELO` (`ID`,`IDMARCA`,`NOME`) VALUES (605,123,'GRAN VOYAGER');
INSERT INTO `MODELO` (`ID`,`IDMARCA`,`NOME`) VALUES (606,123,'SUNDANCE');
INSERT INTO `MODELO` (`ID`,`IDMARCA`,`NOME`) VALUES (607,69,'TRANS-AM');
INSERT INTO `MODELO` (`ID`,`IDMARCA`,`NOME`) VALUES (608,69,'TRANS-SPORT');
INSERT INTO `MODELO` (`ID`,`IDMARCA`,`NOME`) VALUES (609,70,'911');
INSERT INTO `MODELO` (`ID`,`IDMARCA`,`NOME`) VALUES (612,70,'BOXSTER');
INSERT INTO `MODELO` (`ID`,`IDMARCA`,`NOME`) VALUES (613,70,'CAYENNE');
INSERT INTO `MODELO` (`ID`,`IDMARCA`,`NOME`) VALUES (614,70,'CAYMAN');
INSERT INTO `MODELO` (`ID`,`IDMARCA`,`NOME`) VALUES (615,70,'PANAMERA');
INSERT INTO `MODELO` (`ID`,`IDMARCA`,`NOME`) VALUES (617,24,'21 SEDAN');
INSERT INTO `MODELO` (`ID`,`IDMARCA`,`NOME`) VALUES (618,24,'CLIO');
INSERT INTO `MODELO` (`ID`,`IDMARCA`,`NOME`) VALUES (619,24,'DUSTER');
INSERT INTO `MODELO` (`ID`,`IDMARCA`,`NOME`) VALUES (620,24,'EXPRESS');
INSERT INTO `MODELO` (`ID`,`IDMARCA`,`NOME`) VALUES (621,24,'FLUENCE');
INSERT INTO `MODELO` (`ID`,`IDMARCA`,`NOME`) VALUES (622,24,'KANGOO');
INSERT INTO `MODELO` (`ID`,`IDMARCA`,`NOME`) VALUES (623,24,'LAGUNA');
INSERT INTO `MODELO` (`ID`,`IDMARCA`,`NOME`) VALUES (624,24,'LOGAN');
INSERT INTO `MODELO` (`ID`,`IDMARCA`,`NOME`) VALUES (625,24,'MASTER');
INSERT INTO `MODELO` (`ID`,`IDMARCA`,`NOME`) VALUES (626,24,'MEGANE');
INSERT INTO `MODELO` (`ID`,`IDMARCA`,`NOME`) VALUES (627,24,'SAFRANE');
INSERT INTO `MODELO` (`ID`,`IDMARCA`,`NOME`) VALUES (628,24,'SANDERO');
INSERT INTO `MODELO` (`ID`,`IDMARCA`,`NOME`) VALUES (629,24,'SCENIC');
INSERT INTO `MODELO` (`ID`,`IDMARCA`,`NOME`) VALUES (630,24,'SYMBOL');
INSERT INTO `MODELO` (`ID`,`IDMARCA`,`NOME`) VALUES (631,24,'TRAFIC');
INSERT INTO `MODELO` (`ID`,`IDMARCA`,`NOME`) VALUES (632,24,'TWINGO');
INSERT INTO `MODELO` (`ID`,`IDMARCA`,`NOME`) VALUES (634,137,'9000');
INSERT INTO `MODELO` (`ID`,`IDMARCA`,`NOME`) VALUES (635,162,'SL-2');
INSERT INTO `MODELO` (`ID`,`IDMARCA`,`NOME`) VALUES (636,130,'CORDOBA');
INSERT INTO `MODELO` (`ID`,`IDMARCA`,`NOME`) VALUES (637,130,'IBIZA');
INSERT INTO `MODELO` (`ID`,`IDMARCA`,`NOME`) VALUES (638,130,'INCA');
INSERT INTO `MODELO` (`ID`,`IDMARCA`,`NOME`) VALUES (641,142,'FORTWO');
INSERT INTO `MODELO` (`ID`,`IDMARCA`,`NOME`) VALUES (642,21,'ACTYON SPORTS');
INSERT INTO `MODELO` (`ID`,`IDMARCA`,`NOME`) VALUES (643,21,'CHAIRMAN');
INSERT INTO `MODELO` (`ID`,`IDMARCA`,`NOME`) VALUES (644,21,'ISTANA');
INSERT INTO `MODELO` (`ID`,`IDMARCA`,`NOME`) VALUES (645,21,'KORANDO');
INSERT INTO `MODELO` (`ID`,`IDMARCA`,`NOME`) VALUES (646,21,'KYRON');
INSERT INTO `MODELO` (`ID`,`IDMARCA`,`NOME`) VALUES (647,21,'MUSSO');
INSERT INTO `MODELO` (`ID`,`IDMARCA`,`NOME`) VALUES (648,21,'REXTON');
INSERT INTO `MODELO` (`ID`,`IDMARCA`,`NOME`) VALUES (649,8,'FORESTER');
INSERT INTO `MODELO` (`ID`,`IDMARCA`,`NOME`) VALUES (650,8,'IMPREZA');
INSERT INTO `MODELO` (`ID`,`IDMARCA`,`NOME`) VALUES (651,8,'LEGACY');
INSERT INTO `MODELO` (`ID`,`IDMARCA`,`NOME`) VALUES (652,8,'OUTBACK');
INSERT INTO `MODELO` (`ID`,`IDMARCA`,`NOME`) VALUES (653,8,'SVX');
INSERT INTO `MODELO` (`ID`,`IDMARCA`,`NOME`) VALUES (654,8,'TRIBECA');
INSERT INTO `MODELO` (`ID`,`IDMARCA`,`NOME`) VALUES (655,8,'VIVIO');
INSERT INTO `MODELO` (`ID`,`IDMARCA`,`NOME`) VALUES (656,59,'BALENO');
INSERT INTO `MODELO` (`ID`,`IDMARCA`,`NOME`) VALUES (657,59,'GRAND VITARA');
INSERT INTO `MODELO` (`ID`,`IDMARCA`,`NOME`) VALUES (658,59,'IGNIS');
INSERT INTO `MODELO` (`ID`,`IDMARCA`,`NOME`) VALUES (660,59,'JIMNY');
INSERT INTO `MODELO` (`ID`,`IDMARCA`,`NOME`) VALUES (662,59,'SUPER CARRY');
INSERT INTO `MODELO` (`ID`,`IDMARCA`,`NOME`) VALUES (663,59,'SWIFT');
INSERT INTO `MODELO` (`ID`,`IDMARCA`,`NOME`) VALUES (664,59,'SX4');
INSERT INTO `MODELO` (`ID`,`IDMARCA`,`NOME`) VALUES (665,59,'VITARA');
INSERT INTO `MODELO` (`ID`,`IDMARCA`,`NOME`) VALUES (666,59,'WAGON R');
INSERT INTO `MODELO` (`ID`,`IDMARCA`,`NOME`) VALUES (667,146,'STARK');
INSERT INTO `MODELO` (`ID`,`IDMARCA`,`NOME`) VALUES (668,23,'AVALON');
INSERT INTO `MODELO` (`ID`,`IDMARCA`,`NOME`) VALUES (669,23,'BANDEIRANTE');
INSERT INTO `MODELO` (`ID`,`IDMARCA`,`NOME`) VALUES (670,23,'CAMRY');
INSERT INTO `MODELO` (`ID`,`IDMARCA`,`NOME`) VALUES (671,23,'CELICA');
INSERT INTO `MODELO` (`ID`,`IDMARCA`,`NOME`) VALUES (672,23,'COROLLA');
INSERT INTO `MODELO` (`ID`,`IDMARCA`,`NOME`) VALUES (673,23,'CORONA');
INSERT INTO `MODELO` (`ID`,`IDMARCA`,`NOME`) VALUES (674,23,'HILUX');
INSERT INTO `MODELO` (`ID`,`IDMARCA`,`NOME`) VALUES (675,23,'LAND CRUISER');
INSERT INTO `MODELO` (`ID`,`IDMARCA`,`NOME`) VALUES (676,23,'MR-2');
INSERT INTO `MODELO` (`ID`,`IDMARCA`,`NOME`) VALUES (677,23,'PASEO');
INSERT INTO `MODELO` (`ID`,`IDMARCA`,`NOME`) VALUES (678,23,'PREVIA');
INSERT INTO `MODELO` (`ID`,`IDMARCA`,`NOME`) VALUES (679,23,'RAV4');
INSERT INTO `MODELO` (`ID`,`IDMARCA`,`NOME`) VALUES (680,23,'SUPRA');
INSERT INTO `MODELO` (`ID`,`IDMARCA`,`NOME`) VALUES (682,149,'PANTANAL');
INSERT INTO `MODELO` (`ID`,`IDMARCA`,`NOME`) VALUES (684,149,'T-4');
INSERT INTO `MODELO` (`ID`,`IDMARCA`,`NOME`) VALUES (685,53,'400 SERIES');
INSERT INTO `MODELO` (`ID`,`IDMARCA`,`NOME`) VALUES (687,53,'850');
INSERT INTO `MODELO` (`ID`,`IDMARCA`,`NOME`) VALUES (688,53,'900 SERIES');
INSERT INTO `MODELO` (`ID`,`IDMARCA`,`NOME`) VALUES (700,2,'AMAROK');
INSERT INTO `MODELO` (`ID`,`IDMARCA`,`NOME`) VALUES (701,2,'APOLLO');
INSERT INTO `MODELO` (`ID`,`IDMARCA`,`NOME`) VALUES (702,2,'BORA');
INSERT INTO `MODELO` (`ID`,`IDMARCA`,`NOME`) VALUES (703,2,'CARAVELLE');
INSERT INTO `MODELO` (`ID`,`IDMARCA`,`NOME`) VALUES (704,2,'CORRADO');
INSERT INTO `MODELO` (`ID`,`IDMARCA`,`NOME`) VALUES (706,2,'EOS');
INSERT INTO `MODELO` (`ID`,`IDMARCA`,`NOME`) VALUES (707,2,'EUROVAN');
INSERT INTO `MODELO` (`ID`,`IDMARCA`,`NOME`) VALUES (708,2,'FOX');
INSERT INTO `MODELO` (`ID`,`IDMARCA`,`NOME`) VALUES (709,2,'FUSCA');
INSERT INTO `MODELO` (`ID`,`IDMARCA`,`NOME`) VALUES (710,2,'GOL');
INSERT INTO `MODELO` (`ID`,`IDMARCA`,`NOME`) VALUES (711,2,'GOLF');
INSERT INTO `MODELO` (`ID`,`IDMARCA`,`NOME`) VALUES (713,2,'JETTA');
INSERT INTO `MODELO` (`ID`,`IDMARCA`,`NOME`) VALUES (714,2,'KOMBI');
INSERT INTO `MODELO` (`ID`,`IDMARCA`,`NOME`) VALUES (715,2,'LOGUS');
INSERT INTO `MODELO` (`ID`,`IDMARCA`,`NOME`) VALUES (717,2,'PARATI');
INSERT INTO `MODELO` (`ID`,`IDMARCA`,`NOME`) VALUES (718,2,'PASSAT');
INSERT INTO `MODELO` (`ID`,`IDMARCA`,`NOME`) VALUES (719,2,'POINTER');
INSERT INTO `MODELO` (`ID`,`IDMARCA`,`NOME`) VALUES (720,2,'POLO');
INSERT INTO `MODELO` (`ID`,`IDMARCA`,`NOME`) VALUES (722,2,'SANTANA');
INSERT INTO `MODELO` (`ID`,`IDMARCA`,`NOME`) VALUES (723,2,'SAVEIRO');
INSERT INTO `MODELO` (`ID`,`IDMARCA`,`NOME`) VALUES (725,2,'SPACEFOX');
INSERT INTO `MODELO` (`ID`,`IDMARCA`,`NOME`) VALUES (726,2,'TIGUAN');
INSERT INTO `MODELO` (`ID`,`IDMARCA`,`NOME`) VALUES (727,2,'TOUAREG');
INSERT INTO `MODELO` (`ID`,`IDMARCA`,`NOME`) VALUES (729,2,'VOYAGE');
INSERT INTO `MODELO` (`ID`,`IDMARCA`,`NOME`) VALUES (732,25,'ZDX');
INSERT INTO `MODELO` (`ID`,`IDMARCA`,`NOME`) VALUES (737,3,'140');
INSERT INTO `MODELO` (`ID`,`IDMARCA`,`NOME`) VALUES (755,2,'BRASILIA');
INSERT INTO `MODELO` (`ID`,`IDMARCA`,`NOME`) VALUES (756,13,'BRASILVAN');
INSERT INTO `MODELO` (`ID`,`IDMARCA`,`NOME`) VALUES (775,13,'CORCEL');
INSERT INTO `MODELO` (`ID`,`IDMARCA`,`NOME`) VALUES (803,3,'PALIO WEEKEND');
INSERT INTO `MODELO` (`ID`,`IDMARCA`,`NOME`) VALUES (806,13,'FOCUS SEDAN');
INSERT INTO `MODELO` (`ID`,`IDMARCA`,`NOME`) VALUES (807,13,'FIESTA SEDAN');
INSERT INTO `MODELO` (`ID`,`IDMARCA`,`NOME`) VALUES (808,13,'FIESTA TRAIL');
INSERT INTO `MODELO` (`ID`,`IDMARCA`,`NOME`) VALUES (810,22,'207 SW');
INSERT INTO `MODELO` (`ID`,`IDMARCA`,`NOME`) VALUES (811,13,'ESCORT SW');
INSERT INTO `MODELO` (`ID`,`IDMARCA`,`NOME`) VALUES (812,22,'307 SEDAN');
INSERT INTO `MODELO` (`ID`,`IDMARCA`,`NOME`) VALUES (813,22,'307 SW');
INSERT INTO `MODELO` (`ID`,`IDMARCA`,`NOME`) VALUES (815,5,'C4 PALLAS');
INSERT INTO `MODELO` (`ID`,`IDMARCA`,`NOME`) VALUES (816,5,'C4 PICASSO');
INSERT INTO `MODELO` (`ID`,`IDMARCA`,`NOME`) VALUES (817,5,'C4 VTR');
INSERT INTO `MODELO` (`ID`,`IDMARCA`,`NOME`) VALUES (818,24,'CLIO SEDAN');
INSERT INTO `MODELO` (`ID`,`IDMARCA`,`NOME`) VALUES (819,23,'COROLLA FIELDER');
INSERT INTO `MODELO` (`ID`,`IDMARCA`,`NOME`) VALUES (824,23,'HILUX SW4');
INSERT INTO `MODELO` (`ID`,`IDMARCA`,`NOME`) VALUES (825,24,'MEGANE GRAND TOUR');
INSERT INTO `MODELO` (`ID`,`IDMARCA`,`NOME`) VALUES (827,24,'SANDERO STEPWAY');
INSERT INTO `MODELO` (`ID`,`IDMARCA`,`NOME`) VALUES (829,5,'XSARA PICASSO');
INSERT INTO `MODELO` (`ID`,`IDMARCA`,`NOME`) VALUES (1360,131,'COLHEITADEIRA');
INSERT INTO `MODELO` (`ID`,`IDMARCA`,`NOME`) VALUES (1361,158,'PICKUP F75');
INSERT INTO `MODELO` (`ID`,`IDMARCA`,`NOME`) VALUES (1362,17,'X12');
INSERT INTO `MODELO` (`ID`,`IDMARCA`,`NOME`) VALUES (1365,1,'BEL AIR');
INSERT INTO `MODELO` (`ID`,`IDMARCA`,`NOME`) VALUES (1366,36,'RX');
INSERT INTO `MODELO` (`ID`,`IDMARCA`,`NOME`) VALUES (1369,1,'C-14');
INSERT INTO `MODELO` (`ID`,`IDMARCA`,`NOME`) VALUES (1370,155,'SRX4');
INSERT INTO `MODELO` (`ID`,`IDMARCA`,`NOME`) VALUES (1372,1,'C-15');
INSERT INTO `MODELO` (`ID`,`IDMARCA`,`NOME`) VALUES (1373,1,'BRASIL');
INSERT INTO `MODELO` (`ID`,`IDMARCA`,`NOME`) VALUES (1377,18,'POLARA');
INSERT INTO `MODELO` (`ID`,`IDMARCA`,`NOME`) VALUES (1380,3,'600');
INSERT INTO `MODELO` (`ID`,`IDMARCA`,`NOME`) VALUES (1382,13,'F-01');
INSERT INTO `MODELO` (`ID`,`IDMARCA`,`NOME`) VALUES (1383,13,'FALCON');
INSERT INTO `MODELO` (`ID`,`IDMARCA`,`NOME`) VALUES (1384,13,'GALAXIE');
INSERT INTO `MODELO` (`ID`,`IDMARCA`,`NOME`) VALUES (1386,13,'MAVERICK');
INSERT INTO `MODELO` (`ID`,`IDMARCA`,`NOME`) VALUES (1387,13,'MODELO A');
INSERT INTO `MODELO` (`ID`,`IDMARCA`,`NOME`) VALUES (1388,13,'NEW FIESTA');
INSERT INTO `MODELO` (`ID`,`IDMARCA`,`NOME`) VALUES (1389,82,'LINHA FX');
INSERT INTO `MODELO` (`ID`,`IDMARCA`,`NOME`) VALUES (1391,124,'GTS');
INSERT INTO `MODELO` (`ID`,`IDMARCA`,`NOME`) VALUES (1392,80,'H3');
INSERT INTO `MODELO` (`ID`,`IDMARCA`,`NOME`) VALUES (1394,14,'PRIME');
INSERT INTO `MODELO` (`ID`,`IDMARCA`,`NOME`) VALUES (1395,14,'TIBURON');
INSERT INTO `MODELO` (`ID`,`IDMARCA`,`NOME`) VALUES (1397,87,'JEEP');
INSERT INTO `MODELO` (`ID`,`IDMARCA`,`NOME`) VALUES (1398,87,'CJ5');
INSERT INTO `MODELO` (`ID`,`IDMARCA`,`NOME`) VALUES (1399,239,'TC');
INSERT INTO `MODELO` (`ID`,`IDMARCA`,`NOME`) VALUES (1404,4,'CLASSE CLC');
INSERT INTO `MODELO` (`ID`,`IDMARCA`,`NOME`) VALUES (1405,4,'CLASSE CLS');
INSERT INTO `MODELO` (`ID`,`IDMARCA`,`NOME`) VALUES (1408,110,'MONTEREY');
INSERT INTO `MODELO` (`ID`,`IDMARCA`,`NOME`) VALUES (1411,114,'TOPSPORT');
INSERT INTO `MODELO` (`ID`,`IDMARCA`,`NOME`) VALUES (1412,114,'TARGA');
INSERT INTO `MODELO` (`ID`,`IDMARCA`,`NOME`) VALUES (1414,114,'X8');
INSERT INTO `MODELO` (`ID`,`IDMARCA`,`NOME`) VALUES (1415,43,'370Z');
INSERT INTO `MODELO` (`ID`,`IDMARCA`,`NOME`) VALUES (1418,124,'GTB');
INSERT INTO `MODELO` (`ID`,`IDMARCA`,`NOME`) VALUES (1419,124,'GTC');
INSERT INTO `MODELO` (`ID`,`IDMARCA`,`NOME`) VALUES (1420,124,'GTE');
INSERT INTO `MODELO` (`ID`,`IDMARCA`,`NOME`) VALUES (1421,115,'AUSTIN');
INSERT INTO `MODELO` (`ID`,`IDMARCA`,`NOME`) VALUES (1423,24,'7TL');

-- -----------------------------------------------------
-- Table `Cars_Store`.`Ano_Carro`
-- -----------------------------------------------------
CREATE TABLE IF NOT EXISTS `Cars_Store`.`Ano_Carro` (
  `Cod_Ano` INT NOT NULL,
  `ANO` INT NOT NULL,
  PRIMARY KEY (`Cod_Ano`))
ENGINE = InnoDB;
   INSERT INTO `Ano_Carro` (`Cod_Ano`,`ANO`) VALUES ('1;1950');
    INSERT INTO `Ano_Carro` (`Cod_Ano`,`ANO`) VALUES('2;1951');
   INSERT INTO `Ano_Carro` (`Cod_Ano`,`ANO`) VALUES ('3;1952');
    INSERT INTO `Ano_Carro` (`Cod_Ano`,`ANO`) VALUES('4;1953');
    INSERT INTO `Ano_Carro` (`Cod_Ano`,`ANO`) VALUES('5;1954');
    INSERT INTO `Ano_Carro` (`Cod_Ano`,`ANO`) VALUES('6;1955');
    INSERT INTO `Ano_Carro` (`Cod_Ano`,`ANO`) VALUES('7;1956');
    INSERT INTO `Ano_Carro` (`Cod_Ano`,`ANO`) VALUES('8;1957');
    INSERT INTO `Ano_Carro` (`Cod_Ano`,`ANO`) VALUES('9;1958');
    INSERT INTO `Ano_Carro` (`Cod_Ano`,`ANO`) VALUES('10;1959');
    INSERT INTO `Ano_Carro` (`Cod_Ano`,`ANO`) VALUES('11;1960');
    INSERT INTO `Ano_Carro` (`Cod_Ano`,`ANO`) VALUES('12;1961');
    INSERT INTO `Ano_Carro` (`Cod_Ano`,`ANO`) VALUES('13;1962');
    INSERT INTO `Ano_Carro` (`Cod_Ano`,`ANO`) VALUES('14;1963');
    INSERT INTO `Ano_Carro` (`Cod_Ano`,`ANO`) VALUES('15;1964');
    INSERT INTO `Ano_Carro` (`Cod_Ano`,`ANO`) VALUES('16;1965');
    INSERT INTO `Ano_Carro` (`Cod_Ano`,`ANO`) VALUES('17;1966');
    INSERT INTO `Ano_Carro` (`Cod_Ano`,`ANO`) VALUES('18;1967');
    INSERT INTO `Ano_Carro` (`Cod_Ano`,`ANO`) VALUES('19;1968');
    INSERT INTO `Ano_Carro` (`Cod_Ano`,`ANO`) VALUES('20;1969');
    INSERT INTO `Ano_Carro` (`Cod_Ano`,`ANO`) VALUES('21;1970');
    INSERT INTO `Ano_Carro` (`Cod_Ano`,`ANO`) VALUES('22;1971');
    INSERT INTO `Ano_Carro` (`Cod_Ano`,`ANO`) VALUES('23;1972');
    INSERT INTO `Ano_Carro` (`Cod_Ano`,`ANO`) VALUES('24;1973');
    INSERT INTO `Ano_Carro` (`Cod_Ano`,`ANO`) VALUES('25;1974');
    INSERT INTO `Ano_Carro` (`Cod_Ano`,`ANO`) VALUES('26;1975');
    INSERT INTO `Ano_Carro` (`Cod_Ano`,`ANO`) VALUES('27;1976');
    INSERT INTO `Ano_Carro` (`Cod_Ano`,`ANO`) VALUES('28;1977');
    INSERT INTO `Ano_Carro` (`Cod_Ano`,`ANO`) VALUES('29;1978');
    INSERT INTO `Ano_Carro` (`Cod_Ano`,`ANO`) VALUES('30;1979');
    INSERT INTO `Ano_Carro` (`Cod_Ano`,`ANO`) VALUES('31;1980');
    INSERT INTO `Ano_Carro` (`Cod_Ano`,`ANO`) VALUES('32;1981');
    INSERT INTO `Ano_Carro` (`Cod_Ano`,`ANO`) VALUES('33;1982');
    INSERT INTO `Ano_Carro` (`Cod_Ano`,`ANO`) VALUES('34;1983');
    INSERT INTO `Ano_Carro` (`Cod_Ano`,`ANO`) VALUES('35;1984');
    INSERT INTO `Ano_Carro` (`Cod_Ano`,`ANO`) VALUES('36;1985');
    INSERT INTO `Ano_Carro` (`Cod_Ano`,`ANO`) VALUES('37;1986');
    INSERT INTO `Ano_Carro` (`Cod_Ano`,`ANO`) VALUES('38;1987');
    INSERT INTO `Ano_Carro` (`Cod_Ano`,`ANO`) VALUES('39;1988');
    INSERT INTO `Ano_Carro` (`Cod_Ano`,`ANO`) VALUES('40;1989');
    INSERT INTO `Ano_Carro` (`Cod_Ano`,`ANO`) VALUES('41;1990');
    INSERT INTO `Ano_Carro` (`Cod_Ano`,`ANO`) VALUES('42;1991');
    INSERT INTO `Ano_Carro` (`Cod_Ano`,`ANO`) VALUES('43;1992');
    INSERT INTO `Ano_Carro` (`Cod_Ano`,`ANO`) VALUES('44;1993');
    INSERT INTO `Ano_Carro` (`Cod_Ano`,`ANO`) VALUES('45;1994');
    INSERT INTO `Ano_Carro` (`Cod_Ano`,`ANO`) VALUES('46;1995');
    INSERT INTO `Ano_Carro` (`Cod_Ano`,`ANO`) VALUES('47;1996');
    INSERT INTO `Ano_Carro` (`Cod_Ano`,`ANO`) VALUES('48;1997');
    INSERT INTO `Ano_Carro` (`Cod_Ano`,`ANO`) VALUES('49;1998');
    INSERT INTO `Ano_Carro` (`Cod_Ano`,`ANO`) VALUES('50;1999');
    INSERT INTO `Ano_Carro` (`Cod_Ano`,`ANO`) VALUES('51;2000');
    INSERT INTO `Ano_Carro` (`Cod_Ano`,`ANO`) VALUES('52;2001');
    INSERT INTO `Ano_Carro` (`Cod_Ano`,`ANO`) VALUES('53;2002');
    INSERT INTO `Ano_Carro` (`Cod_Ano`,`ANO`) VALUES('54;2003');
    INSERT INTO `Ano_Carro` (`Cod_Ano`,`ANO`) VALUES('55;2004');
    INSERT INTO `Ano_Carro` (`Cod_Ano`,`ANO`) VALUES('56;2005');
    INSERT INTO `Ano_Carro` (`Cod_Ano`,`ANO`) VALUES('57;2006');
    INSERT INTO `Ano_Carro` (`Cod_Ano`,`ANO`) VALUES('58;2007');
    INSERT INTO `Ano_Carro` (`Cod_Ano`,`ANO`) VALUES('59;2008');
    INSERT INTO `Ano_Carro` (`Cod_Ano`,`ANO`) VALUES('60;2009');
    INSERT INTO `Ano_Carro` (`Cod_Ano`,`ANO`) VALUES('61;2010');
    INSERT INTO `Ano_Carro` (`Cod_Ano`,`ANO`) VALUES('62;2011');
    INSERT INTO `Ano_Carro` (`Cod_Ano`,`ANO`) VALUES('63;2012');
    INSERT INTO `Ano_Carro` (`Cod_Ano`,`ANO`) VALUES('64;2013');
    INSERT INTO `Ano_Carro` (`Cod_Ano`,`ANO`) VALUES('65;2014');
    INSERT INTO `Ano_Carro` (`Cod_Ano`,`ANO`) VALUES('66;2015');
    INSERT INTO `Ano_Carro` (`Cod_Ano`,`ANO`) VALUES('67;2016');
    INSERT INTO `Ano_Carro` (`Cod_Ano`,`ANO`) VALUES('68;2017');
    INSERT INTO `Ano_Carro` (`Cod_Ano`,`ANO`) VALUES('69;2018');
    INSERT INTO `Ano_Carro` (`Cod_Ano`,`ANO`) VALUES('70;2019');
-- -----------------------------------------------------
-- Table `Cars_Store`.`Automvel`
-- ----------------------------------------------------- 
CREATE TABLE IF NOT EXISTS `Cars_Store`.`Automvel` (
  `idAutomvel` INT NOT NULL,
  `Ano_Modelo` INT NOT NULL,
  `Ano_Fabricao` INT NOT NULL,
  `Verso` VARCHAR(45) NOT NULL,
  `Cor` VARCHAR(45) NOT NULL,
  `Foto_Carro` VARCHAR(45) NOT NULL,
  `Valor` INT NOT NULL,
  `Marca_Cod_Marca` INT NOT NULL,
  `Modelo_Cod_modelo` INT NOT NULL,
  PRIMARY KEY (`idAutomvel`, `Marca_Cod_Marca`, `Modelo_Cod_modelo`),
  INDEX `fk_Automvel_Marca1_idx` (`Marca_Cod_Marca` ASC) VISIBLE,
  INDEX `fk_Automvel_Modelo1_idx` (`Modelo_Cod_modelo` ASC) VISIBLE,
  CONSTRAINT `fk_Automvel_Marca1`
    FOREIGN KEY (`Marca_Cod_Marca`)
    REFERENCES `Cars_Store`.`Marca` (`Cod_Marca`)
    ON DELETE NO ACTION
    ON UPDATE NO ACTION,
  CONSTRAINT `fk_Automvel_Modelo1`
    FOREIGN KEY (`Modelo_Cod_modelo`)
    REFERENCES `Cars_Store`.`Modelo` (`Cod_modelo`)
    ON DELETE NO ACTION
    ON UPDATE NO ACTION)
ENGINE = InnoDB;


-- -----------------------------------------------------
-- Table `Cars_Store`.`Empresa`
-- -----------------------------------------------------
CREATE TABLE IF NOT EXISTS `Cars_Store`.`Empresa` (
  `idEmpresa` INT NULL,
  `CPNJ` INT NOT NULL,
  `Nome_Empresa` VARCHAR(45) NOT NULL,
  `Nome_Representante` VARCHAR(45) NOT NULL,
  `CPF_Representante` INT NOT NULL,
  `Telefone_Representante` INT NOT NULL,
  `Email_Representante` VARCHAR(45) NOT NULL,
  `Automvel_idAutomvel` INT NOT NULL,
  PRIMARY KEY (`idEmpresa`, `Automvel_idAutomvel`),
  INDEX `fk_Empresa_Automvel_idx` (`Automvel_idAutomvel` ASC) VISIBLE,
  CONSTRAINT `fk_Empresa_Automvel`
    FOREIGN KEY (`Automvel_idAutomvel`)
    REFERENCES `Cars_Store`.`Automvel` (`idAutomvel`)
    ON DELETE NO ACTION
    ON UPDATE NO ACTION)
ENGINE = InnoDB;


-- -----------------------------------------------------
-- Table `Cars_Store`.`Compra`
-- -----------------------------------------------------
CREATE TABLE IF NOT EXISTS `Cars_Store`.`Compra` (
  `idCompra` INT NOT NULL,
  `Compracol` VARCHAR(45) NULL,
  PRIMARY KEY (`idCompra`))
ENGINE = InnoDB;


-- -----------------------------------------------------
-- Table `Cars_Store`.`Usuario`
-- -----------------------------------------------------
CREATE TABLE IF NOT EXISTS `Cars_Store`.`Usuario` (
  `idUsuario` INT NOT NULL,
  `Nome` VARCHAR(45) NOT NULL,
  `Email` VARCHAR(45) NOT NULL,
  `Senha` VARCHAR(45) NOT NULL,
  `Empresa_idEmpresa` INT NOT NULL,
  `Empresa_Automvel_idAutomvel` INT NOT NULL,
  `Compra_idCompra` INT NOT NULL,
  PRIMARY KEY (`idUsuario`, `Empresa_idEmpresa`, `Empresa_Automvel_idAutomvel`, `Compra_idCompra`),
  INDEX `fk_Usuario_Empresa1_idx` (`Empresa_idEmpresa` ASC, `Empresa_Automvel_idAutomvel` ASC) VISIBLE,
  INDEX `fk_Usuario_Compra1_idx` (`Compra_idCompra` ASC) VISIBLE,
  CONSTRAINT `fk_Usuario_Empresa1`
    FOREIGN KEY (`Empresa_idEmpresa` , `Empresa_Automvel_idAutomvel`)
    REFERENCES `Cars_Store`.`Empresa` (`idEmpresa` , `Automvel_idAutomvel`)
    ON DELETE NO ACTION
    ON UPDATE NO ACTION,
  CONSTRAINT `fk_Usuario_Compra1`
    FOREIGN KEY (`Compra_idCompra`)
    REFERENCES `Cars_Store`.`Compra` (`idCompra`)
    ON DELETE NO ACTION
    ON UPDATE NO ACTION)
ENGINE = InnoDB;


-- -----------------------------------------------------
-- Table `Cars_Store`.`Cor`
-- -----------------------------------------------------
CREATE TABLE IF NOT EXISTS `Cars_Store`.`Cor` (
  `Cod_Cor` INT NOT NULL,
  `Nome` VARCHAR(45) NOT NULL,
  PRIMARY KEY (`Cod_Cor`),
  INDEX `fk_Cor_Cor1_idx` (`Nome` ASC) VISIBLE,
  CONSTRAINT `fk_Cor_Cor1`
    FOREIGN KEY (`Nome`)
    REFERENCES `Cars_Store`.`Cor` (`Cod_Cor`)
    ON DELETE NO ACTION
    ON UPDATE NO ACTION)
ENGINE = InnoDB;
    INSERT INTO `Cor` (`Cod_Cor`,`Nome`) VALUES('2;Preto');
    INSERT INTO `Cor` (`Cod_Cor`,`Nome`) VALUES('3;Cinza');
    INSERT INTO `Cor` (`Cod_Cor`,`Nome`) VALUES('4;Branco');
    INSERT INTO `Cor` (`Cod_Cor`,`Nome`) VALUES('5;Vermelho');
    INSERT INTO `Cor` (`Cod_Cor`,`Nome`) VALUES('6;Azul');
    INSERT INTO `Cor` (`Cod_Cor`,`Nome`) VALUES('7;Azul Marinho');
    INSERT INTO `Cor` (`Cod_Cor`,`Nome`) VALUES('8;Verde');



-- -----------------------------------------------------
-- Table `Cars_Store`.`Modelo_has_Cor`
-- -----------------------------------------------------
CREATE TABLE IF NOT EXISTS `Cars_Store`.`Modelo_has_Cor` (
  `Modelo_Cod_modelo` INT NOT NULL,
  `Cor_Cod_Cor` INT NOT NULL,
  PRIMARY KEY (`Modelo_Cod_modelo`, `Cor_Cod_Cor`),
  INDEX `fk_Modelo_has_Cor_Cor1_idx` (`Cor_Cod_Cor` ASC) VISIBLE,
  INDEX `fk_Modelo_has_Cor_Modelo1_idx` (`Modelo_Cod_modelo` ASC) VISIBLE,
  CONSTRAINT `fk_Modelo_has_Cor_Modelo1`
    FOREIGN KEY (`Modelo_Cod_modelo`)
    REFERENCES `Cars_Store`.`Modelo` (`Cod_modelo`)
    ON DELETE NO ACTION
    ON UPDATE NO ACTION,
  CONSTRAINT `fk_Modelo_has_Cor_Cor1`
    FOREIGN KEY (`Cor_Cod_Cor`)
    REFERENCES `Cars_Store`.`Cor` (`Cod_Cor`)
    ON DELETE NO ACTION
    ON UPDATE NO ACTION)
ENGINE = InnoDB;


-- -----------------------------------------------------
-- Table `Cars_Store`.`Automvel_has_Cor`
-- -----------------------------------------------------
CREATE TABLE IF NOT EXISTS `Cars_Store`.`Automvel_has_Cor` (
  `Automvel_idAutomvel` INT NOT NULL,
  `Automvel_Marca_Cod_Marca` INT NOT NULL,
  `Automvel_Modelo_Cod_modelo` INT NOT NULL,
  `Cor_Cod_Cor` INT NOT NULL,
  PRIMARY KEY (`Automvel_idAutomvel`, `Automvel_Marca_Cod_Marca`, `Automvel_Modelo_Cod_modelo`, `Cor_Cod_Cor`),
  INDEX `fk_Automvel_has_Cor_Cor1_idx` (`Cor_Cod_Cor` ASC) VISIBLE,
  INDEX `fk_Automvel_has_Cor_Automvel1_idx` (`Automvel_idAutomvel` ASC, `Automvel_Marca_Cod_Marca` ASC, `Automvel_Modelo_Cod_modelo` ASC) VISIBLE,
  CONSTRAINT `fk_Automvel_has_Cor_Automvel1`
    FOREIGN KEY (`Automvel_idAutomvel` , `Automvel_Marca_Cod_Marca` , `Automvel_Modelo_Cod_modelo`)
    REFERENCES `Cars_Store`.`Automvel` (`idAutomvel` , `Marca_Cod_Marca` , `Modelo_Cod_modelo`)
    ON DELETE NO ACTION
    ON UPDATE NO ACTION,
  CONSTRAINT `fk_Automvel_has_Cor_Cor1`
    FOREIGN KEY (`Cor_Cod_Cor`)
    REFERENCES `Cars_Store`.`Cor` (`Cod_Cor`)
    ON DELETE NO ACTION
    ON UPDATE NO ACTION)
ENGINE = InnoDB;


SET SQL_MODE=@OLD_SQL_MODE;
SET FOREIGN_KEY_CHECKS=@OLD_FOREIGN_KEY_CHECKS;
SET UNIQUE_CHECKS=@OLD_UNIQUE_CHECKS;
